image_path,0,1,2,3,4,5,6,7,8,9,10,11,12,13,14,15
dataset/test_set\bus\300.jpg,0.12040201822794189,0.20146687825315893,0.044891357421418344,0.1417846679673077,0.0,0.0,0.0002339680989559533,0.000600179036452228,0.0005798339843691016,0.0002339680989559533,0.0,0.0,0.1360677083319492,0.04411824544225954,0.1940917968730256,0.11552937825403312
dataset/test_set\bus\301.jpg,0.1301778157538841,0.23468017577886272,0.04132080078082966,0.12934366861847593,0.0,0.0,0.0002339680989559533,0.00037638346353783793,0.0005594889322859753,0.00040690104166252747,0.0,0.0,0.11433919270717022,0.04380289713497108,0.19388834635219435,0.11087036132699718
dataset/test_set\bus\302.jpg,0.1302286783840919,0.18719482421684577,0.047607421874515714,0.1541341145817654,0.0,0.0,0.0004475911458287802,0.0003967285156209643,0.0006713867187431704,0.00042724609374565387,0.0,0.0,0.15232340494636717,0.05002848307240775,0.17628987630029003,0.1002502441396052
dataset/test_set\bus\303.jpg,0.11601765950402815,0.21204630533638463,0.0405375162756293,0.11671956380089601,0.0,0.0,0.0001525878906234478,0.0004984537760365961,0.000600179036452228,0.00026448567708064287,0.0,0.0,0.12811279296744676,0.03844197591106729,0.21201578775825994,0.13459269205592253
dataset/test_set\bus\304.jpg,0.10545857747288556,0.18439737955541588,0.03172810872363558,0.12340291341020303,0.0,0.0,0.000162760416665011,0.00040690104166252747,0.00038655598957940113,0.0002339680989559533,0.0,0.0,0.1313374837226223,0.031107584635100227,0.2254842122372896,0.16589355468581246
dataset/test_set\bus\305.jpg,0.10249837239479068,0.21539306640405892,0.04563395182245246,0.1394348144517066,0.0,0.0,0.0003153483072884588,0.0004475911458287802,0.000600179036452228,0.00027465820312220607,0.0,0.0,0.13394165038926248,0.047393798827642886,0.21326700846137223,0.10079956054584963
dataset/test_set\bus\306.jpg,0.09919230143128263,0.18549601236790472,0.040496826171463045,0.12283325195187549,0.0,0.0,0.0004781087239534698,0.0006713867187431704,0.0006103515624937912,0.0003051757812468956,0.0,0.0,0.11951700846232588,0.03952026367147298,0.19543457031051195,0.19544474283655353
dataset/test_set\bus\307.jpg,0.1094563802072199,0.20179239908648894,0.06037394205667752,0.14707438150892055,0.0,0.0,0.0004679361979119066,0.0006917317708262967,0.0005187988281197225,0.00036621093749627474,0.0,0.0,0.15170288085783182,0.054606119791111185,0.19292195637824586,0.08002726236897759
dataset/test_set\bus\308.jpg,0.11778767903526015,0.19272867838345614,0.04674275716098285,0.1439921061183269,0.0,0.0,0.0002339680989559533,0.0008443196614497445,0.00037638346353783793,0.00021362304687282693,0.0,0.0,0.16258748372230442,0.046478271483902205,0.18869018554495556,0.09932454426982296
dataset/test_set\bus\309.jpg,0.12218221028521543,0.2297973632789124,0.03455607096319015,0.14693196614433868,0.0,0.0,0.0002339680989559533,0.0006205240885353544,0.00020345052083126374,0.000162760416665011,0.0,0.0,0.127339680988288,0.03813680012982039,0.16525268554519398,0.13458251952988096
dataset/test_set\bus\358.jpg,0.115671793618615,0.1920471191386714,0.05703735351504479,0.13999430338399257,0.0,0.0,0.0002950032552053324,0.00042724609374565387,0.0010579427083225715,0.00040690104166252747,0.0,0.0,0.14499918619644167,0.05024210611928058,0.1801961263002503,0.11762491861859513
dataset/test_set\bus\359.jpg,0.10928344726451332,0.1998697916646335,0.044576009114129886,0.14056396484232012,0.0,0.0,0.00041707356770409067,0.0005900065104106648,0.0005798339843691016,0.0003967285156209643,0.0,0.0,0.1443583170558232,0.04671223958285815,0.20444742838333693,0.10820515950410763
dataset/test_set\bus\360.jpg,0.11576334635298907,0.19441731770635562,0.08098347981688453,0.1290486653632706,0.0,0.0,0.0006408691406184808,0.00040690104166252747,0.0006713867187431704,0.0003967285156209643,0.0,0.0,0.14654541015475928,0.06590779622328789,0.1924336751282508,0.0727844238273846
dataset/test_set\bus\361.jpg,0.10637410481662625,0.1830139160137633,0.045491536457870574,0.12830607096223648,0.0,0.0,0.00026448567708064287,0.001190185546862893,0.00043741861978721706,0.00021362304687282693,0.0,0.0,0.1348164876288369,0.0441589355464258,0.19173177083138296,0.1640014648420817
dataset/test_set\bus\362.jpg,0.10801188150931793,0.2059529622374883,0.04001871744750958,0.1315612792955367,0.0,0.0,0.00018310546874813737,0.0004475911458287802,0.0006205240885353544,0.0002339680989559533,0.0,0.0,0.12020874023315219,0.039967854817301765,0.23649088541426097,0.11630249023319192
dataset/test_set\bus\370.jpg,0.10394287109269265,0.22865804036225731,0.03932698567668328,0.13226318359240455,0.0,0.0,0.0003051757812468956,0.0003967285156209643,0.000488281249995033,0.0003051757812468956,0.0,0.0,0.1290690104153537,0.03872680664023105,0.22209676106544907,0.10442097981664611
dataset/test_set\bus\371.jpg,0.14293416341000434,0.20765177408642935,0.039367675780849536,0.13619995117048952,0.0,0.0,0.0002441406249975165,0.0004781087239534698,0.0005594889322859753,0.00025431315103907967,0.0,0.0,0.1278584798164077,0.04538981119745494,0.16257731119626287,0.13648478189965327
dataset/test_set\bus\372.jpg,0.11568196614465656,0.21254475911242124,0.044982910155792415,0.12197875976438417,0.0,0.0,0.0003051757812468956,0.0004781087239534698,0.0004577636718703434,0.0003051757812468956,0.0,0.0,0.121307373045641,0.04344685872351637,0.21329752603949692,0.12521362304560127
dataset/test_set\bus\373.jpg,0.10916137695201455,0.17067464192534715,0.039489746093348294,0.12925211588410185,0.0,0.0,0.000325520833330022,0.00034586588541314834,0.00034586588541314834,0.0003153483072884588,0.0,0.0,0.13531494140487352,0.041381835937079045,0.18865966796683087,0.18473307291478747
dataset/test_set\bus\374.jpg,0.09724934895734406,0.2002258300760882,0.03893025716106232,0.1330566406236465,0.0,0.0,0.00027465820312220607,0.00038655598957940113,0.0003153483072884588,0.0001525878906234478,0.0,0.0,0.13726806640485364,0.038991292317311695,0.2249348958310452,0.12821451822786242
dataset/test_set\bus\382.jpg,0.13034057617054912,0.21917724609152042,0.04292805989539665,0.14639282226413583,0.0,0.0,0.00042724609374565387,0.00036621093749627474,0.0005696614583275385,0.0005798339843691016,0.0,0.0,0.12501017252477,0.046681722004733466,0.16755167643058724,0.11997477213419623
dataset/test_set\bus\383.jpg,0.10327148437394948,0.17575073242008718,0.06261189778582142,0.13441975911321596,0.0,0.0,0.0004577636718703434,0.0006408691406184808,0.0004475911458287802,0.0006103515624937912,0.0,0.0,0.14234415689959368,0.060506184895217835,0.19549560546676134,0.12344360351436928
dataset/test_set\bus\384.jpg,0.1222737630195895,0.2088826497374585,0.04233805338498599,0.1237691243476993,0.0,0.0,0.00025431315103907967,0.0006408691406184808,0.00034586588541314834,0.0003356933593715852,0.0,0.0,0.1198730468737806,0.04643758137973595,0.19701131184695425,0.1378377278631812
dataset/test_set\bus\385.jpg,0.11919148762899587,0.18471272786270435,0.03423055012986012,0.12200927734250887,0.0,0.0,0.00020345052083126374,0.0005798339843691016,0.00041707356770409067,0.0002237955729143901,0.0,0.0,0.11499023437383027,0.0349833170569358,0.20034790038858696,0.18811035156058645
dataset/test_set\bus\386.jpg,0.12902832031118747,0.19857788085735498,0.040771484374585255,0.14427693684749068,0.0,0.0,0.00018310546874813737,0.0003967285156209643,0.0002950032552053324,0.0002950032552053324,0.0,0.0,0.1341552734361353,0.04556274414016152,0.16433715820145328,0.1421203613266793
dataset/test_set\bus\394.jpg,0.09368896484279696,0.19954427083130347,0.053375244140082045,0.14821370442557563,0.0,0.0,0.0003051757812468956,0.0005187988281197225,0.0005289713541612857,0.0004577636718703434,0.0,0.0,0.13716634114443801,0.056518554686925064,0.21538289387801737,0.09429931640529074
dataset/test_set\bus\395.jpg,0.11010742187387994,0.23577880859135156,0.05257161458279855,0.11026000976450338,0.0,0.0,0.0004577636718703434,0.0007222493489509863,0.0003051757812468956,0.00038655598957940113,0.0,0.0,0.11318969726447359,0.049387613931789275,0.24061075846109406,0.08622233072828957
dataset/test_set\bus\396.jpg,0.11471557617070806,0.19836425781048214,0.057301839192125434,0.1366678873684014,0.0,0.0,0.000488281249995033,0.0005493164062444121,0.0004781087239534698,0.00034586588541314834,0.0,0.0,0.1546936035140514,0.053181966145292345,0.19595336913863168,0.08725992838452902
dataset/test_set\bus\397.jpg,0.11784871419150952,0.19120279947722166,0.06152343749937415,0.1435852050766644,0.0,0.0,0.0005187988281197225,0.0006205240885353544,0.0006815592447847335,0.00042724609374565387,0.0,0.0,0.15295410156094408,0.054097493489033026,0.18799845377412927,0.08854166666576598
dataset/test_set\bus\398.jpg,0.11697387695193509,0.21478271484156514,0.04220581054644566,0.11985270182169747,0.0,0.0,0.000325520833330022,0.00038655598957940113,0.0005696614583275385,0.00027465820312220607,0.0,0.0,0.12047322591023282,0.04212443033811316,0.23735555012779386,0.1046752929676852
dataset/test_set\dinosaurs\400.jpg,0.08271280924395027,0.08230590820228775,0.021911621093527105,0.06181844075457949,0.0,0.0,1.0172526041563187e-05,8.13802083325055e-05,2.0345052083126375e-05,1.0172526041563187e-05,0.0,0.0,0.0642191569003884,0.02457682291641666,0.09546915690007052,0.5668640136661086
dataset/test_set\dinosaurs\401.jpg,0.08252970377520213,0.10322062174374166,0.024180094400795694,0.07312011718675619,0.0,0.0,6.1035156249379125e-05,5.0862630207815934e-05,2.0345052083126375e-05,3.0517578124689562e-05,0.0,0.0,0.07455444335861659,0.025268554687242956,0.12102254231647723,0.49594116210433004
dataset/test_set\dinosaurs\402.jpg,0.07199096679614267,0.11971028645711558,0.021016438801869545,0.07342529296800308,0.0,0.0,3.0517578124689562e-05,6.1035156249379125e-05,4.069010416625275e-05,2.0345052083126375e-05,0.0,0.0,0.0714619954419814,0.0240681966143385,0.12754313150911925,0.4906311035106341
dataset/test_set\dinosaurs\403.jpg,0.09280395507718095,0.10597737630100529,0.020141601562295112,0.06967163085866628,0.0,0.0,2.0345052083126375e-05,7.120768229094232e-05,0.00026448567708064287,3.0517578124689562e-05,0.0,0.0,0.06851196288992807,0.023976643879964434,0.1122741699207329,0.5062561035104751
dataset/test_set\dinosaurs\404.jpg,0.0905253092438708,0.09871419270732917,0.024393717447668523,0.06809488932222398,0.0,0.0,2.0345052083126375e-05,0.0,0.0003051757812468956,2.0345052083126375e-05,0.0,0.0,0.07047526041594976,0.025939941405986128,0.11844889322796175,0.5030619303334243
dataset/test_set\dinosaurs\405.jpg,0.08519490559809169,0.08251953124916057,0.021077473958118924,0.0751342773429857,0.0,0.0,1.0172526041563187e-05,0.0,0.00507609049474003,4.069010416625275e-05,0.0,0.0,0.07965087890543976,0.02205403645810899,0.10838826497285575,0.5208536783801183
dataset/test_set\dinosaurs\406.jpg,0.08239746093666181,0.09560139973861083,0.025492350260157347,0.06470743815038343,0.0,0.0,2.0345052083126375e-05,9.155273437406868e-05,0.0008138020833250549,0.00012207031249875825,0.0,0.0,0.06813557942639023,0.027425130208054354,0.1120503743478185,0.52314249673947
dataset/test_set\dinosaurs\407.jpg,0.09067789713449426,0.10109456380105496,0.021402994791448946,0.07566324869714698,0.0,0.0,0.0,0.0,0.005157470703072536,1.0172526041563187e-05,0.0,0.0,0.06939697265554406,0.024820963541414175,0.11239624023323165,0.49937947590637843
dataset/test_set\dinosaurs\408.jpg,0.09034220377512267,0.13749186197776803,0.038584391275649166,0.10170491536354874,0.0,0.0,0.00011189778645719505,0.00017293294270657417,0.0005900065104106648,0.0002441406249975165,0.0,0.0,0.10605875650933778,0.03991699218709394,0.1454060872381042,0.339375813798631
dataset/test_set\dinosaurs\409.jpg,0.07467651367111536,0.0738321940096656,0.021331787109158003,0.07083129882740447,0.0,0.0,4.069010416625275e-05,3.0517578124689562e-05,0.00013224283854032143,1.0172526041563187e-05,0.0,0.0,0.07614135742110045,0.022644042968519653,0.08664957682203522,0.573679606113956
dataset/test_set\dinosaurs\446.jpg,0.07486979166590506,0.08470662434809666,0.021270751952908624,0.06939697265554406,0.0,0.0,0.0,1.0172526041563187e-05,0.00012207031249875825,7.120768229094232e-05,0.0,0.0,0.07430013020757752,0.02345784505184471,0.11080932617074779,0.5409851074163718
dataset/test_set\dinosaurs\447.jpg,0.07808430989503902,0.0727030436190521,0.03278605143195815,0.07775878906170901,0.0,0.0,4.069010416625275e-05,0.00014241536458188463,0.00012207031249875825,5.0862630207815934e-05,0.0,0.0,0.08235677083249557,0.03262329101529314,0.09196980794177277,0.531361897781053
dataset/test_set\dinosaurs\448.jpg,0.061706542968122294,0.08775838216056561,0.0255330403643236,0.05606079101505473,0.0,0.0,2.0345052083126375e-05,4.069010416625275e-05,3.0517578124689562e-05,4.069010416625275e-05,0.0,0.0,0.053100585936959835,0.02560424804661454,0.09486897786361828,0.5952351887960283
dataset/test_set\dinosaurs\449.jpg,0.0735066731763356,0.09424845377508292,0.03245035807258657,0.07878621419190689,0.0,0.0,3.0517578124689562e-05,4.069010416625275e-05,0.00010172526041563187,0.0,0.0,0.0,0.08352661132727533,0.031962076822591536,0.11308797200405796,0.4922587076772842
dataset/test_set\dinosaurs\450.jpg,0.1112772623686597,0.11888631184774896,0.021555582682072392,0.06454467773371843,0.0,0.0,4.069010416625275e-05,1.0172526041563187e-05,0.001586914062483857,0.000162760416665011,0.0,0.0,0.07442220052007628,0.025075276692453255,0.13566080729028665,0.4467773437454552
dataset/test_set\dinosaurs\458.jpg,0.07740275065025429,0.12847900390494305,0.03169759114551089,0.07018025716074443,0.0,0.0,0.00010172526041563187,7.120768229094232e-05,5.0862630207815934e-05,5.0862630207815934e-05,0.0,0.0,0.066813151040987,0.03304036458299723,0.13557942708195417,0.45653279621931425
dataset/test_set\dinosaurs\459.jpg,0.0700480143222041,0.12398274739457213,0.024291992187252892,0.06271362304623705,0.0,0.0,4.069010416625275e-05,0.00017293294270657417,0.00010172526041563187,5.0862630207815934e-05,0.0,0.0,0.06411743163997277,0.024190266926837258,0.14147949218606082,0.4888102213491943
dataset/test_set\dinosaurs\460.jpg,0.0706278483065732,0.06805419921805772,0.020284016926876994,0.056294759114010676,0.0,0.0,2.0345052083126375e-05,0.0,0.0,1.0172526041563187e-05,0.0,0.0,0.05404663085882521,0.020690917968539523,0.08344523111894282,0.6265258788998767
dataset/test_set\dinosaurs\461.jpg,0.09360758463446445,0.1481730143214094,0.023183186848722503,0.0676472981763952,0.0,0.0,8.13802083325055e-05,0.00014241536458188463,0.00041707356770409067,0.00017293294270657417,0.0,0.0,0.07248942057217928,0.02508544921849482,0.14887491861827723,0.4201253255165596
dataset/test_set\dinosaurs\462.jpg,0.07266235351488584,0.13395182291530405,0.023142496744556252,0.057118733723377293,0.0,0.0,5.0862630207815934e-05,0.00013224283854032143,0.0006713867187431704,0.000162760416665011,0.0,0.0,0.058400472004614255,0.023986816406005994,0.14307657877458624,0.4866434733023413
dataset/test_set\dinosaurs\470.jpg,0.07735188802004647,0.0808512369783442,0.02913411458303697,0.0682271321607643,0.0,0.0,6.1035156249379125e-05,0.0008646647135328709,0.002248128255185464,0.00019327799478970057,0.0,0.0,0.07730102538983866,0.03022257486948423,0.09608968098860586,0.5374552408799494
dataset/test_set\dinosaurs\471.jpg,0.08399454752518723,0.12287394205604174,0.023691813150800663,0.06690470377536108,0.0,0.0,8.13802083325055e-05,6.1035156249379125e-05,0.0017496744791488683,0.0001525878906234478,0.0,0.0,0.06974283854095721,0.025380452473700153,0.13548787434758008,0.46987915038584516
dataset/test_set\dinosaurs\472.jpg,0.08324178059811156,0.12067667643106408,0.01857503255189438,0.06613159179620227,0.0,0.0,0.00017293294270657417,0.0005900065104106648,0.003214518229133967,0.00020345052083126374,0.0,0.0,0.06431070963476247,0.020996093749786417,0.09490966796778454,0.5269775390571394
dataset/test_set\dinosaurs\473.jpg,0.081298828124173,0.07359822591070966,0.021209716796659246,0.06532796223891879,0.0,0.0,5.0862630207815934e-05,0.0004781087239534698,0.0008138020833250549,0.00010172526041563187,0.0,0.0,0.071238199869067,0.021504720051864577,0.07917277018148629,0.585205078119047
dataset/test_set\dinosaurs\474.jpg,0.0732828776034212,0.10275268554582975,0.017445882161280866,0.052815755207796064,0.0,0.0,1.0172526041563187e-05,0.00010172526041563187,0.0,1.0172526041563187e-05,0.0,0.0,0.05180867512968131,0.020314534505001685,0.09708658854067906,0.5843709309836388
dataset/test_set\dinosaurs\482.jpg,0.09692382812401405,0.10786946614473604,0.028574625650750994,0.08161417643146145,0.0,0.0,9.155273437406868e-05,0.0002339680989559533,0.0008544921874913077,0.00021362304687282693,0.0,0.0,0.09317016601467723,0.030364990234066115,0.13401285807155341,0.4260762532508741
dataset/test_set\dinosaurs\483.jpg,0.0886739095043063,0.08448282877518228,0.022928873697683424,0.06437174479101185,0.0,0.0,0.00011189778645719505,0.00012207031249875825,0.0006612141927016072,0.00026448567708064287,0.0,0.0,0.07184855143156078,0.024973551432037625,0.10662841796766533,0.5349324544216417
dataset/test_set\dinosaurs\484.jpg,0.07493082682215443,0.08105468749917548,0.024200439452878822,0.06884765624929964,0.0,0.0,3.0517578124689562e-05,0.00011189778645719505,7.120768229094232e-05,3.0517578124689562e-05,0.0,0.0,0.07047526041594976,0.02671305338514493,0.10492960611872428,0.5486043294215027
dataset/test_set\dinosaurs\485.jpg,0.09258015950426657,0.1504313151026364,0.03263346354133471,0.07434082031174377,0.0,0.0,0.00012207031249875825,0.00017293294270657417,0.000488281249995033,0.0003051757812468956,0.0,0.0,0.08046468098876482,0.032755533853833466,0.15804036458172568,0.37766520181907487
dataset/test_set\dinosaurs\486.jpg,0.0844726562491407,0.10080973307189119,0.028574625650750994,0.07947794596273318,0.0,0.0,7.120768229094232e-05,0.00014241536458188463,4.069010416625275e-05,7.120768229094232e-05,0.0,0.0,0.07758585611900243,0.031097412109058663,0.12704467773308264,0.4706115722608377
dataset/test_set\elephants\500.jpg,0.1130472818998917,0.15547688801925175,0.05284627278592076,0.159942626951498,0.0,0.0,0.0006205240885353544,0.0023600260416426593,0.0009562174479069396,0.0006408691406184808,0.0,0.0,0.13865152994650623,0.06144205729104165,0.16019694010253707,0.15381876627447696
dataset/test_set\elephants\501.jpg,0.09792073567608724,0.15383911132656009,0.06656901041598949,0.1716308593732541,0.0,0.0,0.0004475911458287802,0.0007425944010341127,0.0009155273437406868,0.0004475911458287802,0.0,0.0,0.17644246419091347,0.0708821614576123,0.16030883788899428,0.09985351562398424
dataset/test_set\elephants\502.jpg,0.1382751464829684,0.17797851562318953,0.06391398111914151,0.1451619466131067,0.0,0.0,0.00040690104166252747,0.0007324218749925495,0.0005900065104106648,0.0009053548176991236,0.0,0.0,0.13124593098824824,0.07310994466071463,0.13648478189965327,0.13119506835804043
dataset/test_set\elephants\503.jpg,0.1124674479155226,0.15805053710776723,0.052307128905717905,0.185302734373115,0.0,0.0,0.0004475911458287802,0.0008850097656159973,0.0009867350260316292,0.0005391438802028489,0.0,0.0,0.1729329427065742,0.05396525065049271,0.15477498372238388,0.10734049479057475
dataset/test_set\elephants\504.jpg,0.11148071288949096,0.18965657551890405,0.060089111327513746,0.13889567057150376,0.0,0.0,0.0007629394531172391,0.0007832845052003655,0.0008951822916575604,0.0008036295572834917,0.0,0.0,0.1413777669256452,0.06728108723889892,0.18390909830542085,0.1040649414051914
dataset/test_set\elephants\505.jpg,0.08892822265534538,0.12852986653515086,0.055094401041106224,0.12933349609243436,0.0,0.0,0.00028483072916376926,0.0005798339843691016,0.0006408691406184808,0.0003967285156209643,0.0,0.0,0.1336568196600987,0.05585734049422346,0.1501871744776389,0.25651041666405733
dataset/test_set\elephants\506.jpg,0.09984334309794268,0.19852701822714716,0.051391601561977224,0.13535563150903976,0.0,0.0,0.00027465820312220607,0.00038655598957940113,0.0004781087239534698,0.0003967285156209643,0.0,0.0,0.13656616210798578,0.05805460611920111,0.20522054036249573,0.11350504557176204
dataset/test_set\elephants\507.jpg,0.10078938801980805,0.1512044270817952,0.0458984374995331,0.16741943359204695,0.0,0.0,0.00041707356770409067,0.0004577636718703434,0.0007019042968678599,0.00035603841145471154,0.0,0.0,0.12200927734250887,0.0471700032547285,0.15108235676929646,0.21249389648221342
dataset/test_set\elephants\508.jpg,0.10850016275931296,0.15552775064945956,0.0552673339838128,0.13337198893093494,0.0,0.0,0.00027465820312220607,0.0006815592447847335,0.0011800130208213296,0.0005086263020781593,0.0,0.0,0.1425882975245912,0.05597941080672222,0.17273966471178448,0.17338053385240296
dataset/test_set\elephants\509.jpg,0.1016337076812578,0.1642252604149961,0.05902099609314961,0.1832885742168855,0.0,0.0,0.00038655598957940113,0.0006408691406184808,0.0007019042968678599,0.00042724609374565387,0.0,0.0,0.18086751301899345,0.05856323242127927,0.16353352864416978,0.08671061197828461
dataset/test_set\elephants\572.jpg,0.10593668619683903,0.15553792317550114,0.0598246256504331,0.18329874674292707,0.0,0.0,0.00037638346353783793,0.0008036295572834917,0.0009969075520731923,0.0003356933593715852,0.0,0.0,0.16801961262849915,0.06388346354101682,0.1610412597639868,0.09994506835835831
dataset/test_set\elephants\573.jpg,0.12022908528523531,0.1548563639307164,0.048685709634921415,0.11760457356651201,0.0,0.0,0.0003967285156209643,0.0006713867187431704,0.0008951822916575604,0.00041707356770409067,0.0,0.0,0.13984171549336913,0.05256144205675699,0.1465962727849671,0.21724446614362342
dataset/test_set\elephants\574.jpg,0.11007690429575524,0.19261678059699894,0.044474283853714255,0.1530863443994844,0.0,0.0,0.0003356933593715852,0.0006815592447847335,0.0008850097656159973,0.00040690104166252747,0.0,0.0,0.16478474934728207,0.04624430338494625,0.18921915689911684,0.09718831380109469
dataset/test_set\elephants\575.jpg,0.09845987955629008,0.15802001952964254,0.06152343749937415,0.16929117838369456,0.0,0.0,0.00038655598957940113,0.0005493164062444121,0.000651041666660044,0.0004577636718703434,0.0,0.0,0.17600504557112626,0.06419881184830527,0.17113240559721749,0.09932454426982296
dataset/test_set\elephants\576.jpg,0.10811360676973356,0.17045084635243277,0.052164713541136026,0.17363484700344203,0.0,0.0,0.00040690104166252747,0.0007120768229094231,0.0007934570312419285,0.00038655598957940113,0.0,0.0,0.16100056965982057,0.05410766601507459,0.17012532551910275,0.108103434243692
dataset/test_set\elephants\577.jpg,0.11676025390506226,0.1677856445295432,0.044576009114129886,0.15502929687342298,0.0,0.0,0.0002441406249975165,0.00043741861978721706,0.00092569986978225,0.00036621093749627474,0.0,0.0,0.17084757486805371,0.0492146809890827,0.1780904134096467,0.11572265624882282
dataset/test_set\elephants\578.jpg,0.12162272135292947,0.19163004557096733,0.0562337239577613,0.1606343587223243,0.0,0.0,0.000325520833330022,0.0004577636718703434,0.0008646647135328709,0.0004577636718703434,0.0,0.0,0.13033040364450754,0.06133015950458445,0.14767456054537278,0.1284383138007768
dataset/test_set\elephants\579.jpg,0.11649576822798162,0.16703287760246754,0.04379272460892952,0.13306681314968805,0.0,0.0,3.0517578124689562e-05,0.00021362304687282693,0.000976562499990066,8.13802083325055e-05,0.0,0.0,0.14186604817564022,0.05065917968698467,0.175079345701344,0.17070515950347184
dataset/test_set\elephants\580.jpg,0.09380086262925415,0.14970906575368542,0.07218424479093237,0.1672363281232988,0.0,0.0,0.0005289713541612857,0.0006408691406184808,0.0008443196614497445,0.0005493164062444121,0.0,0.0,0.16838582356599543,0.0744730631502841,0.16363525390458541,0.10801188150931793
dataset/test_set\elephants\581.jpg,0.09531656900944706,0.18496704101374342,0.06270345052019549,0.15214029947761903,0.0,0.0,0.0003051757812468956,0.0005289713541612857,0.0008138020833250549,0.0003051757812468956,0.0,0.0,0.16394042968583233,0.0644124348951781,0.18886311848766213,0.08570353190016985
dataset/test_set\elephants\584.jpg,0.10808308919160886,0.18215942382627198,0.039367675780849536,0.12453206380081654,0.0,0.0,0.00014241536458188463,0.00028483072916376926,0.0008646647135328709,0.0003356933593715852,0.0,0.0,0.13417561848821843,0.04075113932250213,0.2029927571593934,0.16631062825351656
dataset/test_set\elephants\585.jpg,0.11220296223844195,0.1531982421859416,0.03820800781211133,0.130645751951796,0.0,0.0,0.0002441406249975165,0.0005086263020781593,0.0007324218749925495,0.00035603841145471154,0.0,0.0,0.14008585611836666,0.04012044270792521,0.20352172851355468,0.18017578124816716
dataset/test_set\elephants\586.jpg,0.10625203450412748,0.1666768391910128,0.03418986002569387,0.10393269856665108,0.0,0.0,0.00014241536458188463,0.0002441406249975165,0.0007324218749925495,0.00036621093749627474,0.0,0.0,0.12322998046749645,0.03632609049442214,0.23787434895591356,0.1900329589824419
dataset/test_set\elephants\587.jpg,0.10938517252492895,0.18970743814911187,0.043782552082887956,0.15663655598798995,0.0,0.0,0.000325520833330022,0.0004984537760365961,0.0009969075520731923,0.00025431315103907967,0.0,0.0,0.15743001301923187,0.044433593749548,0.19483439127405972,0.10171508788959031
dataset/test_set\elephants\588.jpg,0.09616088867089681,0.17562866210758843,0.0586649576816949,0.14987182617035044,0.0,0.0,0.00038655598957940113,0.0005086263020781593,0.001037597656239445,0.0003967285156209643,0.0,0.0,0.15213012695157746,0.06105550130146225,0.20038859049275323,0.10376993814998607
dataset/test_set\elephants\589.jpg,0.10498046874893209,0.16123453775877652,0.042500813801650994,0.12425740559769433,0.0,0.0,0.00025431315103907967,0.00043741861978721706,0.0006205240885353544,0.0003967285156209643,0.0,0.0,0.14204915364438833,0.0438537597651789,0.20721435546664213,0.17220052083158163
dataset/test_set\elephants\590.jpg,0.11462402343633399,0.1968587239563308,0.03562418619755428,0.11198933919156913,0.0,0.0,0.00017293294270657417,0.0003153483072884588,0.0002339680989559533,0.00019327799478970057,0.0,0.0,0.12082926432168753,0.04136149088499592,0.2144877115863598,0.1633097330712554
dataset/test_set\elephants\591.jpg,0.11173502604053005,0.2021077473937774,0.03503417968714362,0.1057230631499662,0.0,0.0,0.00017293294270657417,0.0003356933593715852,0.0008239746093666181,0.0005391438802028489,0.0,0.0,0.12165323893105416,0.039265950520433905,0.23954264322672994,0.14306640624854466
dataset/test_set\elephants\592.jpg,0.10748291015515664,0.16766357421704445,0.03861490885377386,0.12164306640501259,0.0,0.0,0.00011189778645719505,0.00020345052083126374,0.001190185546862893,0.0003051757812468956,0.0,0.0,0.13232421874865394,0.041483561197494676,0.21213785807075872,0.17683919270653445
dataset/test_set\elephants\593.jpg,0.11259969075406291,0.18129475911273912,0.03740437825482784,0.11908976236858024,0.0,0.0,0.00019327799478970057,0.00028483072916376926,0.001037597656239445,0.0003051757812468956,0.0,0.0,0.13508097330591756,0.04051717122354617,0.2196858723935986,0.1525065104151153
dataset/test_set\flowers\600.jpg,0.12668863932162794,0.14982096354014263,0.020039876301879478,0.14553833007664452,0.0,0.0,0.00011189778645719505,0.0010070800781147556,0.0002441406249975165,5.0862630207815934e-05,0.0,0.0,0.13699340820173145,0.02702840169243339,0.17249552408678695,0.21998087564880392
dataset/test_set\flowers\601.jpg,0.1429748535141706,0.1754455566388403,0.02160644531228021,0.16997273762847928,0.0,0.0,5.0862630207815934e-05,0.001190185546862893,0.00019327799478970057,2.0345052083126375e-05,0.0,0.0,0.14873250325369536,0.023498535156010962,0.16398111978999858,0.15233357747240872
dataset/test_set\flowers\602.jpg,0.1401265462225329,0.19536336262822102,0.021402994791448946,0.15468343098800982,0.0,0.0,4.069010416625275e-05,0.0002339680989559533,0.0005493164062444121,9.155273437406868e-05,0.0,0.0,0.12723795572787233,0.027292887369514032,0.15204874674324495,0.18092854817524284
dataset/test_set\flowers\603.jpg,0.14224243163917805,0.15506998697758922,0.022165934244566185,0.12440999348831777,0.0,0.0,3.0517578124689562e-05,0.00027465820312220607,0.00041707356770409067,0.00010172526041563187,0.0,0.0,0.11936442057170243,0.026062011718484886,0.13697306314964833,0.27288818359097405
dataset/test_set\flowers\604.jpg,0.11080932617074779,0.12352498372270178,0.024586995442458223,0.1194559733060765,0.0,0.0,0.00010172526041563187,0.00036621093749627474,0.0003356933593715852,0.00019327799478970057,0.0,0.0,0.11284383137906044,0.02716064453097371,0.12965901692576437,0.35096232095997154
dataset/test_set\flowers\605.jpg,0.12860107421744182,0.17381795247219017,0.018585205077935943,0.17086791992013686,0.0,0.0,0.00010172526041563187,0.0007832845052003655,0.0008951822916575604,6.1035156249379125e-05,0.0,0.0,0.14998372395680762,0.020975748697703293,0.1776733398419426,0.15765380859214628
dataset/test_set\flowers\606.jpg,0.1346028645819641,0.17454020182114116,0.0197855631508404,0.1541951497380148,0.0,0.0,8.13802083325055e-05,0.0005086263020781593,0.00036621093749627474,8.13802083325055e-05,0.0,0.0,0.14517211913914824,0.023315429687262825,0.14994303385264138,0.1974080403625752
dataset/test_set\flowers\607.jpg,0.13002522786326065,0.15885416666505073,0.01694742838524427,0.15068562825367549,0.0,0.0,7.120768229094232e-05,0.001037597656239445,0.0010681152343641346,2.0345052083126375e-05,0.0,0.0,0.15393066406093414,0.019592285156050698,0.17274983723782605,0.19501749674280786
dataset/test_set\flowers\608.jpg,0.13150024413928732,0.1533915201807313,0.029388427734076048,0.16301472981605009,0.0,0.0,2.0345052083126375e-05,0.0008646647135328709,0.00092569986978225,0.0001525878906234478,0.0,0.0,0.15090942382658987,0.030873616536144274,0.173146565753447,0.16581217447747995
dataset/test_set\flowers\609.jpg,0.13042195637888163,0.149159749347441,0.01966349283834164,0.1261189778633004,0.0,0.0,8.13802083325055e-05,0.0008341471354081813,0.0004577636718703434,1.0172526041563187e-05,0.0,0.0,0.1079101562489023,0.02578735351536268,0.13278198242052427,0.306772867835421
dataset/test_set\flowers\658.jpg,0.12138875325397351,0.11223347981656664,0.021189371744576118,0.11044311523325152,0.0,0.0,0.0001525878906234478,0.0003967285156209643,0.00042724609374565387,8.13802083325055e-05,0.0,0.0,0.11478678385299901,0.028045654296589707,0.1557718912744571,0.3350830078090914
dataset/test_set\flowers\659.jpg,0.1234639485664524,0.11433919270717022,0.0263061523434824,0.12089029947793692,0.0,0.0,0.00011189778645719505,0.000651041666660044,0.0010172526041563187,0.00020345052083126374,0.0,0.0,0.11433919270717022,0.02683512369764369,0.12394205729040587,0.347900390621461
dataset/test_set\flowers\660.jpg,0.07899983723877971,0.08112589518146641,0.016632080077955812,0.07510375976486101,0.0,0.0,0.0,0.0,0.0,0.0,0.0,0.0,0.07970174153564757,0.01790364583315121,0.1092631022124302,0.5412699381455356
dataset/test_set\flowers\661.jpg,0.11231486002489915,0.12929280598826812,0.03560384114547115,0.1393839518214988,0.0,0.0,0.00017293294270657417,0.0007629394531172391,0.0005900065104106648,0.00013224283854032143,0.0,0.0,0.1313374837226223,0.03604125976525837,0.1458435058578914,0.26852416991914346
dataset/test_set\flowers\662.jpg,0.1417338053370999,0.14509073893081573,0.019653320312300077,0.12127685546751632,0.0,0.0,9.155273437406868e-05,0.0007832845052003655,0.0003051757812468956,0.00018310546874813737,0.0,0.0,0.12334187825395364,0.02470906575495698,0.14782714843599623,0.2750040690076192
dataset/test_set\flowers\663.jpg,0.13735961913922773,0.11511230468632902,0.02154541015603083,0.10889689127493392,0.0,0.0,8.13802083325055e-05,0.00010172526041563187,0.00017293294270657417,0.00014241536458188463,0.0,0.0,0.11684163411339477,0.025705973307030172,0.1302591959622166,0.3437805175746279
dataset/test_set\flowers\664.jpg,0.10816446939994137,0.09544881184798738,0.030080159504902344,0.09580485025944209,0.0,0.0,7.120768229094232e-05,9.155273437406868e-05,3.0517578124689562e-05,2.0345052083126375e-05,0.0,0.0,0.10457356770726957,0.02956136067678262,0.09274291992093157,0.44341023762569776
dataset/test_set\flowers\665.jpg,0.1478068033839131,0.1196492513008662,0.01917521158834661,0.1326090494778177,0.0,0.0,3.0517578124689562e-05,0.00028483072916376926,0.00025431315103907967,7.120768229094232e-05,0.0,0.0,0.12527465820185066,0.021942138671651793,0.11584472656132158,0.31705729166344143
dataset/test_set\flowers\666.jpg,0.13914998372254284,0.1504313151026364,0.018615722656060634,0.1446533203110285,0.0,0.0,0.00012207031249875825,0.0007629394531172391,0.0006103515624937912,9.155273437406868e-05,0.0,0.0,0.13312784830593744,0.022043863932067427,0.13540649413924757,0.25498453775782287
dataset/test_set\flowers\667.jpg,0.156239827472369,0.15525309244633737,0.019429524739385688,0.13955688476420536,0.0,0.0,9.155273437406868e-05,0.0015055338541513517,0.0017293294270657419,7.120768229094232e-05,0.0,0.0,0.12886555989452245,0.020802815754996717,0.1742553710919774,0.20219930012815146
dataset/test_set\flowers\670.jpg,0.14022827148294853,0.17675781249820194,0.02751668294242842,0.1413981119777283,0.0,0.0,5.0862630207815934e-05,0.00040690104166252747,0.0004679361979119066,0.00013224283854032143,0.0,0.0,0.12615966796746664,0.031036376952809284,0.14118448893085547,0.21466064452906639
dataset/test_set\flowers\671.jpg,0.12679036458204357,0.16440836588374422,0.03734334309857846,0.14608764648288894,0.0,0.0,0.00026448567708064287,0.0007222493489509863,0.00042724609374565387,0.0002441406249975165,0.0,0.0,0.14041137695169667,0.040079752603758956,0.14767456054537278,0.19554646809696916
dataset/test_set\flowers\672.jpg,0.13392130533717936,0.1573181152327747,0.023915608723715055,0.16621907551914247,0.0,0.0,0.00012207031249875825,0.0006408691406184808,0.0019226074218554423,8.13802083325055e-05,0.0,0.0,0.1530049641911519,0.027526855468469984,0.16326904296708916,0.17205810546699973
dataset/test_set\flowers\673.jpg,0.13090006510283508,0.1640319824202064,0.030761718749687077,0.16390991210770764,0.0,0.0,0.00011189778645719505,0.0008239746093666181,0.0007222493489509863,0.0001525878906234478,0.0,0.0,0.15040079752451171,0.033477783202784446,0.16728719075350662,0.15741984049319033
dataset/test_set\flowers\674.jpg,0.13902791341004408,0.15114339192554582,0.01634724934879204,0.14946492512868792,0.0,0.0,0.00011189778645719505,0.001841227213522937,0.004353841145789044,8.13802083325055e-05,0.0,0.0,0.1773783365867373,0.018788655598767207,0.1607971191389893,0.1806640624981622
dataset/test_set\flowers\675.jpg,0.1428934733058381,0.13257853189969301,0.017801920572735577,0.1320292154934486,0.0,0.0,6.1035156249379125e-05,0.0006103515624937912,0.00035603841145471154,0.00014241536458188463,0.0,0.0,0.1220804850247998,0.022898356119558733,0.17827351887839485,0.2502746582005791
dataset/test_set\flowers\676.jpg,0.1469828287745465,0.17365519205552515,0.01585896809879701,0.15987141926920706,0.0,0.0,0.00011189778645719505,0.0011494954426966401,0.0008138020833250549,0.0001525878906234478,0.0,0.0,0.1389668782537947,0.019104003906055666,0.18023681640441655,0.16309611002438257
dataset/test_set\flowers\677.jpg,0.1440022786443685,0.1420593261704299,0.019297281900845367,0.16117350260252714,0.0,0.0,4.069010416625275e-05,6.1035156249379125e-05,0.0007934570312419285,0.0005493164062444121,0.0,0.0,0.11805216471234078,0.027435302734095914,0.10496012369684897,0.281575520830469
dataset/test_set\flowers\678.jpg,0.11369832356655174,0.0938720703115451,0.022776285807059975,0.12751261393099456,0.0,0.0,0.0001525878906234478,0.00038655598957940113,0.0003153483072884588,0.00014241536458188463,0.0,0.0,0.07942708333252536,0.02151489257790614,0.09441121419174794,0.44579060871942355
dataset/test_set\flowers\679.jpg,0.10223388671771003,0.10521443684788805,0.021687825520612714,0.13230387369657082,0.0,0.0,0.00028483072916376926,0.00034586588541314834,0.00034586588541314834,0.000162760416665011,0.0,0.0,0.09692382812401405,0.019744873046674147,0.10058593749897679,0.42016601562072586
dataset/test_set\mountains_and_snow\800.jpg,0.13099161783720917,0.18978881835744438,0.06766764322847832,0.12929280598826812,0.0,0.0,0.00021362304687282693,0.0009663899739485028,0.0002339680989559533,0.00014241536458188463,0.0,0.0,0.12632242838413166,0.06686401367119482,0.16043090820149303,0.12708536783724889
dataset/test_set\mountains_and_snow\801.jpg,0.12027994791544312,0.17448933919093335,0.05566406249943376,0.1542460123682226,0.0,0.0,0.0004781087239534698,0.001688639322899489,0.0018920898437307528,0.000488281249995033,0.0,0.0,0.13699340820173145,0.06145222981708321,0.15989176432129018,0.13243611653511114
dataset/test_set\mountains_and_snow\802.jpg,0.09952799479065422,0.17399088541489674,0.061716715494163854,0.12375895182165773,0.0,0.0,0.00035603841145471154,0.00042724609374565387,0.0004577636718703434,0.0003051757812468956,0.0,0.0,0.12494913736852063,0.06329345703060615,0.18824259439912677,0.16297403971188382
dataset/test_set\mountains_and_snow\803.jpg,0.10357666015519637,0.16957600911285833,0.058868408202526167,0.135233561196541,0.0,0.0,0.00034586588541314834,0.0005493164062444121,0.00038655598957940113,0.00038655598957940113,0.0,0.0,0.14639282226413583,0.05652872721296663,0.20873006184683504,0.11942545572795181
dataset/test_set\mountains_and_snow\804.jpg,0.14090983072773328,0.2061157226541533,0.04733276367139351,0.16101074218586212,0.0,0.0,0.00037638346353783793,0.001190185546862893,0.00028483072916376926,0.00036621093749627474,0.0,0.0,0.11207071939990164,0.05596923828068066,0.11190795898323662,0.16246541340980566
dataset/test_set\mountains_and_snow\805.jpg,0.15510050455571392,0.29142252603870217,0.05036417643177934,0.12044270833210814,0.0,0.0,0.00041707356770409067,0.000600179036452228,0.00027465820312220607,0.00040690104166252747,0.0,0.0,0.10753377278536445,0.05770874023378796,0.12293497721229112,0.09279378255113939
dataset/test_set\mountains_and_snow\806.jpg,0.11002604166554743,0.19297281900845367,0.04889933268179424,0.12218221028521543,0.0,0.0,0.0004984537760365961,0.0007934570312419285,0.0010782877604056979,0.0007019042968678599,0.0,0.0,0.13430786132675876,0.04951985677032959,0.2088724772114169,0.13014729817575943
dataset/test_set\mountains_and_snow\807.jpg,0.14024861653503165,0.20225016275835928,0.03193155924446684,0.13307698567572962,0.0,0.0,0.0002339680989559533,0.0008138020833250549,0.0004679361979119066,0.00011189778645719505,0.0,0.0,0.10904947916555736,0.04115804036416466,0.1533915201807313,0.1872660318991367
dataset/test_set\mountains_and_snow\808.jpg,0.14795939127453656,0.19364420572719682,0.0328267415361244,0.08808390299389564,0.0,0.0,0.00021362304687282693,0.0002237955729143901,0.001088460286447261,0.0005696614583275385,0.0,0.0,0.08241780598874494,0.040974934895416516,0.18342081705542582,0.2285766601539248
dataset/test_set\mountains_and_snow\809.jpg,0.15576171874841552,0.17954508463359026,0.04773966471305604,0.12764485676953488,0.0,0.0,0.00042724609374565387,0.000488281249995033,0.0007120768229094231,0.0003356933593715852,0.0,0.0,0.12588500976434444,0.052164713541136026,0.12966918945180594,0.17962646484192277
dataset/test_set\mountains_and_snow\853.jpg,0.09715779622297,0.18886311848766213,0.04763793945264041,0.13273111979031646,0.0,0.0,0.00036621093749627474,0.0007629394531172391,0.00034586588541314834,0.0003051757812468956,0.0,0.0,0.1309509277330429,0.04927571614533208,0.1485290527328641,0.2030741373677259
dataset/test_set\mountains_and_snow\854.jpg,0.13184611002470048,0.2267862955706097,0.0515645345046838,0.1402384440089901,0.0,0.0,0.00021362304687282693,0.0007832845052003655,0.00040690104166252747,0.0003051757812468956,0.0,0.0,0.13247680663927738,0.05452473958277868,0.14834594726411596,0.11250813801968886
dataset/test_set\mountains_and_snow\855.jpg,0.10263061523333099,0.17786661783673233,0.05492146809839965,0.15062459309742612,0.0,0.0,0.000651041666660044,0.0008748372395744341,0.0006306966145769176,0.0006408691406184808,0.0,0.0,0.15660603840986526,0.057393391926499504,0.18094889322732596,0.11621093749881785
dataset/test_set\mountains_and_snow\856.jpg,0.11590576171757096,0.23910522460694272,0.03893025716106232,0.11403401692592333,0.0,0.0,0.0007120768229094231,0.0006713867187431704,0.0008138020833250549,0.0007120768229094231,0.0,0.0,0.09866333007712136,0.04036458333292273,0.15373738606614445,0.19635009765425263
dataset/test_set\mountains_and_snow\857.jpg,0.15819295247234913,0.22691853840915002,0.05414835611924085,0.12634277343621478,0.0,0.0,0.0005493164062444121,0.0010172526041563187,0.0005798339843691016,0.00035603841145471154,0.0,0.0,0.12381998697790711,0.05813598632753361,0.13597615559757512,0.11396280924363239
dataset/test_set\mountains_and_snow\865.jpg,0.10015869140523113,0.17268880208157666,0.03673299153608467,0.10902913411347424,0.0,0.0,0.00028483072916376926,0.00038655598957940113,0.0010477701822810082,0.0005493164062444121,0.0,0.0,0.10215250650937753,0.040303548176673344,0.2365112304663441,0.20015462239379728
dataset/test_set\mountains_and_snow\866.jpg,0.10800170898327635,0.2206827799456718,0.043863932291220466,0.11035156249887745,0.0,0.0,0.0002950032552053324,0.0005594889322859753,0.00040690104166252747,0.0003356933593715852,0.0,0.0,0.1078491210926529,0.048288981119300446,0.20239257812294117,0.15697224934736154
dataset/test_set\mountains_and_snow\867.jpg,0.11418660481654677,0.13411458333196905,0.038859049478771376,0.10284423828020382,0.0,0.0,0.00010172526041563187,0.0001525878906234478,0.000162760416665011,0.00019327799478970057,0.0,0.0,0.10224405924375159,0.04206339518186378,0.15282185872240375,0.3122558593718236
dataset/test_set\mountains_and_snow\868.jpg,0.10369873046769514,0.18532307942519816,0.0337117513017404,0.11573282877486438,0.0,0.0,0.00019327799478970057,0.0006306966145769176,0.0002339680989559533,0.0002441406249975165,0.0,0.0,0.09605916341048118,0.035369873046515204,0.19451904296677128,0.23428344726324177
dataset/test_set\mountains_and_snow\869.jpg,0.1149291992175809,0.19186401366992328,0.07216389973884925,0.12848917643098462,0.0,0.0,0.0004679361979119066,0.0004475911458287802,0.0008036295572834917,0.0004781087239534698,0.0,0.0,0.13055419921742195,0.07300821940029899,0.17371622721177454,0.11307779947801638
dataset/test_set\mountains_and_snow\877.jpg,0.13632202148298828,0.24254353840899107,0.04935709635366459,0.135955810545492,0.0,0.0,0.0006815592447847335,0.0006612141927016072,0.0011494954426966401,0.0006306966145769176,0.0,0.0,0.11581420898319689,0.05385335286403551,0.15763346354006313,0.10539754231663619
dataset/test_set\mountains_and_snow\878.jpg,0.12666829426954482,0.3742472330691097,0.042399088541235364,0.08451334635330696,0.0,0.0,0.00018310546874813737,0.00025431315103907967,0.00028483072916376926,0.00028483072916376926,0.0,0.0,0.07526652018152602,0.047373453775559765,0.1628112792952188,0.08571370442621142
dataset/test_set\mountains_and_snow\879.jpg,0.1191813151029543,0.2153727213519758,0.055074055989023096,0.13741048176943554,0.0,0.0,0.00037638346353783793,0.0005289713541612857,0.0004577636718703434,0.00036621093749627474,0.0,0.0,0.12035115559773407,0.06107584635354538,0.16505940755040427,0.12474568684768936
dataset/test_set\mountains_and_snow\880.jpg,0.1560668945296624,0.3105672200489241,0.041575113931868746,0.10137939453021873,0.0,0.0,0.00034586588541314834,0.00028483072916376926,0.0002950032552053324,0.0003051757812468956,0.0,0.0,0.08502197265538512,0.047475179035975396,0.15384928385260163,0.10283406575416226
dataset/test_set\mountains_and_snow\881.jpg,0.14226277669126117,0.2400716145808912,0.04621378580682156,0.1320800781236564,0.0,0.0,0.0002950032552053324,0.0010070800781147556,0.00010172526041563187,0.00018310546874813737,0.0,0.0,0.11935424804566087,0.05342610677028986,0.13892618814962845,0.12607828775913413
dataset/test_set\mountains_and_snow\889.jpg,0.1218872070300101,0.2828674316377475,0.055582682291101256,0.11530558268111872,0.0,0.0,0.0003356933593715852,0.0005086263020781593,0.0005086263020781593,0.0003356933593715852,0.0,0.0,0.1118570963530288,0.055999755858805345,0.16362508137854387,0.09118652343657241
dataset/test_set\mountains_and_snow\890.jpg,0.09489949544174298,0.18812052408662802,0.0469767252599388,0.12997436523305284,0.0,0.0,0.0003051757812468956,0.0008646647135328709,0.0012207031249875824,0.00036621093749627474,0.0,0.0,0.13463338216008877,0.04889933268179424,0.2252095540341674,0.12852986653515086
dataset/test_set\mountains_and_snow\891.jpg,0.1136271158842608,0.1819356282533576,0.049306233723456765,0.15315755208177534,0.0,0.0,0.0004577636718703434,0.000651041666660044,0.0006815592447847335,0.000325520833330022,0.0,0.0,0.15394083658697572,0.04985555012970118,0.18620808919081414,0.10985310872284086
dataset/test_set\mountains_and_snow\892.jpg,0.10229492187395942,0.16612752278476842,0.05196126302030476,0.1295471191393072,0.0,0.0,0.00036621093749627474,0.0005798339843691016,0.0006815592447847335,0.0004984537760365961,0.0,0.0,0.11980183919148965,0.056599934895257574,0.22571818033624555,0.1458231608058083
dataset/test_set\mountains_and_snow\893.jpg,0.10860188801972859,0.1557108561182077,0.06379191080664275,0.13754272460797584,0.0,0.0,0.00025431315103907967,0.00040690104166252747,0.0005289713541612857,0.0002441406249975165,0.0,0.0,0.14046223958190449,0.06573486328058131,0.19116210937305542,0.13555908202987102
