image_path,0,1,2,3,4,5,6,7,8,9,10,11,12,13,14,15,16,17,18,19,20,21,22,23,24,25,26,27,28,29,30,31,32,33,34,35,36,37,38,39,40,41,42,43,44,45,46,47,48,49,50,51,52,53,54,55,56,57,58
dataset/test_set\bus\300.jpg,0.07485380116646392,0.04561403508581395,0.044695071008993524,0.07364243942883698,0.050835421885930016,0.06979949874395157,0.06382623224461878,0.04106098579611274,0.07827903090734005,0.059273182954917576,0.16491228069486583,0.0,0.0,0.0,0.0,0.0,0.0,0.0,0.0,0.0,0.0,0.0,0.0,0.0,0.0,0.0,0.0,0.0,0.0,0.0,0.0,0.0,0.0,0.0,0.0,0.0,0.0,0.0,0.0,0.0,0.0,0.0,0.0,0.0,0.0,0.0,0.0,0.0,0.0,0.0,0.0,0.0,0.0,0.0,0.0,0.0,0.0,0.0,0.23320802004038396
dataset/test_set\bus\301.jpg,0.06842105262872092,0.04452798663138981,0.04766081871145945,0.06883876357273021,0.0494987468651003,0.08788638261955362,0.0998746867126201,0.03659147869521339,0.06144527986376586,0.06094402673095472,0.1578529657411089,0.0,0.0,0.0,0.0,0.0,0.0,0.0,0.0,0.0,0.0,0.0,0.0,0.0,0.0,0.0,0.0,0.0,0.0,0.0,0.0,0.0,0.0,0.0,0.0,0.0,0.0,0.0,0.0,0.0,0.0,0.0,0.0,0.0,0.0,0.0,0.0,0.0,0.0,0.0,0.0,0.0,0.0,0.0,0.0,0.0,0.0,0.0,0.2164578111856116
dataset/test_set\bus\302.jpg,0.07660818713130292,0.0512531328299393,0.04991645780910959,0.07330827067362956,0.04720133667304923,0.06712614870229214,0.08157894736501341,0.04365079364897031,0.059022556388512004,0.05467836257081544,0.15409356724502532,0.0,0.0,0.0,0.0,0.0,0.0,0.0,0.0,0.0,0.0,0.0,0.0,0.0,0.0,0.0,0.0,0.0,0.0,0.0,0.0,0.0,0.0,0.0,0.0,0.0,0.0,0.0,0.0,0.0,0.0,0.0,0.0,0.0,0.0,0.0,0.0,0.0,0.0,0.0,0.0,0.0,0.0,0.0,0.0,0.0,0.0,0.0,0.24156223892056966
dataset/test_set\bus\303.jpg,0.06741854636309864,0.05522138679802751,0.045989974935422305,0.059565580615724076,0.052130325812358796,0.06908939013913579,0.05977443608772872,0.04076858813530624,0.05488721804282008,0.05438596491000894,0.19206349205546935,0.0,0.0,0.0,0.0,0.0,0.0,0.0,0.0,0.0,0.0,0.0,0.0,0.0,0.0,0.0,0.0,0.0,0.0,0.0,0.0,0.0,0.0,0.0,0.0,0.0,0.0,0.0,0.0,0.0,0.0,0.0,0.0,0.0,0.0,0.0,0.0,0.0,0.0,0.0,0.0,0.0,0.0,0.0,0.0,0.0,0.0,0.0,0.24870509606312843
dataset/test_set\bus\304.jpg,0.05133667501874116,0.03930659983127374,0.04047619047449974,0.06349206348941136,0.038554720132057026,0.06612364243666985,0.07017543859355992,0.04653299916263438,0.08078529657139577,0.05405179615480151,0.1743943191238766,0.0,0.0,0.0,0.0,0.0,0.0,0.0,0.0,0.0,0.0,0.0,0.0,0.0,0.0,0.0,0.0,0.0,0.0,0.0,0.0,0.0,0.0,0.0,0.0,0.0,0.0,0.0,0.0,0.0,0.0,0.0,0.0,0.0,0.0,0.0,0.0,0.0,0.0,0.0,0.0,0.0,0.0,0.0,0.0,0.0,0.0,0.0,0.27477025896930785
dataset/test_set\bus\305.jpg,0.08304093566904591,0.047243107767450165,0.04415204678178145,0.06386800333901972,0.053132832077981085,0.0694235588943432,0.059106098577313866,0.0480367585610678,0.07034252297116364,0.06482873851024107,0.1493734335777204,0.0,0.0,0.0,0.0,0.0,0.0,0.0,0.0,0.0,0.0,0.0,0.0,0.0,0.0,0.0,0.0,0.0,0.0,0.0,0.0,0.0,0.0,0.0,0.0,0.0,0.0,0.0,0.0,0.0,0.0,0.0,0.0,0.0,0.0,0.0,0.0,0.0,0.0,0.0,0.0,0.0,0.0,0.0,0.0,0.0,0.0,0.0,0.24745196323110058
dataset/test_set\bus\306.jpg,0.0680868838735135,0.04452798663138981,0.045405179613809306,0.04928989139309566,0.04607351712422416,0.05747702589567765,0.0556390977420368,0.03771929824403846,0.06240601503498722,0.060776942353351,0.22376775270577412,0.0,0.0,0.0,0.0,0.0,0.0,0.0,0.0,0.0,0.0,0.0,0.0,0.0,0.0,0.0,0.0,0.0,0.0,0.0,0.0,0.0,0.0,0.0,0.0,0.0,0.0,0.0,0.0,0.0,0.0,0.0,0.0,0.0,0.0,0.0,0.0,0.0,0.0,0.0,0.0,0.0,0.0,0.0,0.0,0.0,0.0,0.0,0.24883040934633122
dataset/test_set\bus\307.jpg,0.09820384293658296,0.05409356724920244,0.054177109438004294,0.06023391812613893,0.05526315789242844,0.07268170425761564,0.06503759398224572,0.04761904761705852,0.05609857978044701,0.06065162907014822,0.1344611528765889,0.0,0.0,0.0,0.0,0.0,0.0,0.0,0.0,0.0,0.0,0.0,0.0,0.0,0.0,0.0,0.0,0.0,0.0,0.0,0.0,0.0,0.0,0.0,0.0,0.0,0.0,0.0,0.0,0.0,0.0,0.0,0.0,0.0,0.0,0.0,0.0,0.0,0.0,0.0,0.0,0.0,0.0,0.0,0.0,0.0,0.0,0.0,0.2414786967317678
dataset/test_set\bus\308.jpg,0.07456140350565742,0.05012531328111423,0.04816207184427059,0.09139515454923161,0.042857142855352665,0.0717627401807952,0.06499582288784478,0.044945697575399096,0.05898078529411108,0.05363408521079223,0.13358395989416944,0.0,0.0,0.0,0.0,0.0,0.0,0.0,0.0,0.0,0.0,0.0,0.0,0.0,0.0,0.0,0.0,0.0,0.0,0.0,0.0,0.0,0.0,0.0,0.0,0.0,0.0,0.0,0.0,0.0,0.0,0.0,0.0,0.0,0.0,0.0,0.0,0.0,0.0,0.0,0.0,0.0,0.0,0.0,0.0,0.0,0.0,0.0,0.2649958228794906
dataset/test_set\bus\309.jpg,0.06006683374853522,0.03546365914638832,0.04678362572903995,0.07385129490084164,0.04231411862814059,0.09110275688842512,0.10421888053031667,0.038680033415259815,0.07192982455839891,0.06386800333901972,0.15622389305947268,0.0,0.0,0.0,0.0,0.0,0.0,0.0,0.0,0.0,0.0,0.0,0.0,0.0,0.0,0.0,0.0,0.0,0.0,0.0,0.0,0.0,0.0,0.0,0.0,0.0,0.0,0.0,0.0,0.0,0.0,0.0,0.0,0.0,0.0,0.0,0.0,0.0,0.0,0.0,0.0,0.0,0.0,0.0,0.0,0.0,0.0,0.0,0.21549707601439025
dataset/test_set\bus\358.jpg,0.08592314118270998,0.04728487886185109,0.04653299916263438,0.061862990807775145,0.04887218044908637,0.06503759398224572,0.06445279866063272,0.043400167082564736,0.06303258145100114,0.06303258145100114,0.17506265663429144,0.0,0.0,0.0,0.0,0.0,0.0,0.0,0.0,0.0,0.0,0.0,0.0,0.0,0.0,0.0,0.0,0.0,0.0,0.0,0.0,0.0,0.0,0.0,0.0,0.0,0.0,0.0,0.0,0.0,0.0,0.0,0.0,0.0,0.0,0.0,0.0,0.0,0.0,0.0,0.0,0.0,0.0,0.0,0.0,0.0,0.0,0.0,0.23550543023243503
dataset/test_set\bus\359.jpg,0.07719298245291592,0.05187969924595323,0.04674185463463902,0.06950710108314506,0.04795321637226595,0.06441102756623178,0.06549707602065592,0.044862155386597234,0.06967418546074879,0.0544695070988108,0.13922305763829476,0.0,0.0,0.0,0.0,0.0,0.0,0.0,0.0,0.0,0.0,0.0,0.0,0.0,0.0,0.0,0.0,0.0,0.0,0.0,0.0,0.0,0.0,0.0,0.0,0.0,0.0,0.0,0.0,0.0,0.0,0.0,0.0,0.0,0.0,0.0,0.0,0.0,0.0,0.0,0.0,0.0,0.0,0.0,0.0,0.0,0.0,0.0,0.2685881369979704
dataset/test_set\bus\360.jpg,0.12289055972753173,0.05217209690675973,0.04690893901224273,0.055889724308442364,0.05016708437551516,0.04945697577069937,0.05772765246208322,0.05104427735793466,0.057685881367682296,0.05609857978044701,0.1552213867938504,0.0,0.0,0.0,0.0,0.0,0.0,0.0,0.0,0.0,0.0,0.0,0.0,0.0,0.0,0.0,0.0,0.0,0.0,0.0,0.0,0.0,0.0,0.0,0.0,0.0,0.0,0.0,0.0,0.0,0.0,0.0,0.0,0.0,0.0,0.0,0.0,0.0,0.0,0.0,0.0,0.0,0.0,0.0,0.0,0.0,0.0,0.0,0.24473684209504024
dataset/test_set\bus\361.jpg,0.07840434419054285,0.044277360064984235,0.04419381787618238,0.0565162907244563,0.04139515455132017,0.056850459479663724,0.060442773598143575,0.04385964912097495,0.05918964076611572,0.055304928986829364,0.2023809523724987,0.0,0.0,0.0,0.0,0.0,0.0,0.0,0.0,0.0,0.0,0.0,0.0,0.0,0.0,0.0,0.0,0.0,0.0,0.0,0.0,0.0,0.0,0.0,0.0,0.0,0.0,0.0,0.0,0.0,0.0,0.0,0.0,0.0,0.0,0.0,0.0,0.0,0.0,0.0,0.0,0.0,0.0,0.0,0.0,0.0,0.0,0.0,0.25718462822651694
dataset/test_set\bus\362.jpg,0.06654135338067914,0.047410192145053875,0.04214703425053688,0.06240601503498722,0.05526315789242844,0.07360066833443606,0.05839598997249808,0.03993316624728767,0.07598162071528898,0.06491228069904292,0.15091896407055477,0.0,0.0,0.0,0.0,0.0,0.0,0.0,0.0,0.0,0.0,0.0,0.0,0.0,0.0,0.0,0.0,0.0,0.0,0.0,0.0,0.0,0.0,0.0,0.0,0.0,0.0,0.0,0.0,0.0,0.0,0.0,0.0,0.0,0.0,0.0,0.0,0.0,0.0,0.0,0.0,0.0,0.0,0.0,0.0,0.0,0.0,0.0,0.2624895572154349
dataset/test_set\bus\370.jpg,0.07034252297116364,0.054135338343603366,0.047702589805860375,0.06637426900307543,0.055304928986829364,0.07539682539367598,0.06979949874395157,0.040977443607310884,0.07076023391517292,0.0692564745167395,0.13103592313571277,0.0,0.0,0.0,0.0,0.0,0.0,0.0,0.0,0.0,0.0,0.0,0.0,0.0,0.0,0.0,0.0,0.0,0.0,0.0,0.0,0.0,0.0,0.0,0.0,0.0,0.0,0.0,0.0,0.0,0.0,0.0,0.0,0.0,0.0,0.0,0.0,0.0,0.0,0.0,0.0,0.0,0.0,0.0,0.0,0.0,0.0,0.0,0.24891395153513307
dataset/test_set\bus\371.jpg,0.05898078529411108,0.0390977443592691,0.04373433583777216,0.07548036758247785,0.04348370927136659,0.07451963241125649,0.11478696741375159,0.03830409356565146,0.06319966582860485,0.053425229738787584,0.1889306599753997,0.0,0.0,0.0,0.0,0.0,0.0,0.0,0.0,0.0,0.0,0.0,0.0,0.0,0.0,0.0,0.0,0.0,0.0,0.0,0.0,0.0,0.0,0.0,0.0,0.0,0.0,0.0,0.0,0.0,0.0,0.0,0.0,0.0,0.0,0.0,0.0,0.0,0.0,0.0,0.0,0.0,0.0,0.0,0.0,0.0,0.0,0.0,0.2060568086797804
dataset/test_set\bus\372.jpg,0.07531328320487413,0.054720133665216365,0.03947368420887746,0.06353383458381229,0.05409356724920244,0.07322472848482771,0.06315789473420393,0.03730158730002917,0.06800334168471164,0.06353383458381229,0.16365914786283797,0.0,0.0,0.0,0.0,0.0,0.0,0.0,0.0,0.0,0.0,0.0,0.0,0.0,0.0,0.0,0.0,0.0,0.0,0.0,0.0,0.0,0.0,0.0,0.0,0.0,0.0,0.0,0.0,0.0,0.0,0.0,0.0,0.0,0.0,0.0,0.0,0.0,0.0,0.0,0.0,0.0,0.0,0.0,0.0,0.0,0.0,0.0,0.2439849623958235
dataset/test_set\bus\373.jpg,0.06131996658056307,0.04385964912097495,0.03233082706631868,0.05355054302199037,0.04214703425053688,0.05233918128436344,0.05776942355648415,0.04160401002332481,0.066040100247868,0.06152882205256772,0.22610693399222612,0.0,0.0,0.0,0.0,0.0,0.0,0.0,0.0,0.0,0.0,0.0,0.0,0.0,0.0,0.0,0.0,0.0,0.0,0.0,0.0,0.0,0.0,0.0,0.0,0.0,0.0,0.0,0.0,0.0,0.0,0.0,0.0,0.0,0.0,0.0,0.0,0.0,0.0,0.0,0.0,0.0,0.0,0.0,0.0,0.0,0.0,0.0,0.2614035087610107
dataset/test_set\bus\374.jpg,0.07272347535201656,0.05204678362355694,0.03700918963922267,0.06144527986376586,0.054010025060400584,0.052255639095561586,0.0544695070988108,0.044945697575399096,0.0752715121104732,0.062155388468581645,0.16027568921636276,0.0,0.0,0.0,0.0,0.0,0.0,0.0,0.0,0.0,0.0,0.0,0.0,0.0,0.0,0.0,0.0,0.0,0.0,0.0,0.0,0.0,0.0,0.0,0.0,0.0,0.0,0.0,0.0,0.0,0.0,0.0,0.0,0.0,0.0,0.0,0.0,0.0,0.0,0.0,0.0,0.0,0.0,0.0,0.0,0.0,0.0,0.0,0.2733918128540772
dataset/test_set\bus\382.jpg,0.06888053466713114,0.04273182957214988,0.04962406014830309,0.07076023391517292,0.04331662489376288,0.07982456140017441,0.10292397660388788,0.03713450292242546,0.05179615705715137,0.06002506265413429,0.17999164577360102,0.0,0.0,0.0,0.0,0.0,0.0,0.0,0.0,0.0,0.0,0.0,0.0,0.0,0.0,0.0,0.0,0.0,0.0,0.0,0.0,0.0,0.0,0.0,0.0,0.0,0.0,0.0,0.0,0.0,0.0,0.0,0.0,0.0,0.0,0.0,0.0,0.0,0.0,0.0,0.0,0.0,0.0,0.0,0.0,0.0,0.0,0.0,0.21299081035033454
dataset/test_set\bus\383.jpg,0.09979114452381825,0.050417710941920726,0.044402673348187024,0.05405179615480151,0.04477861319779538,0.05747702589567765,0.055722639930838654,0.04766081871145945,0.06812865496791443,0.056432748535654435,0.17798663324235645,0.0,0.0,0.0,0.0,0.0,0.0,0.0,0.0,0.0,0.0,0.0,0.0,0.0,0.0,0.0,0.0,0.0,0.0,0.0,0.0,0.0,0.0,0.0,0.0,0.0,0.0,0.0,0.0,0.0,0.0,0.0,0.0,0.0,0.0,0.0,0.0,0.0,0.0,0.0,0.0,0.0,0.0,0.0,0.0,0.0,0.0,0.0,0.24314954050780493
dataset/test_set\bus\384.jpg,0.07067669172637106,0.045154553047403734,0.04761904761705852,0.07339181286243142,0.042564745194546165,0.0651629072654485,0.07982456140017441,0.038262322471250526,0.07076023391517292,0.060150375937337075,0.1785296574695685,0.0,0.0,0.0,0.0,0.0,0.0,0.0,0.0,0.0,0.0,0.0,0.0,0.0,0.0,0.0,0.0,0.0,0.0,0.0,0.0,0.0,0.0,0.0,0.0,0.0,0.0,0.0,0.0,0.0,0.0,0.0,0.0,0.0,0.0,0.0,0.0,0.0,0.0,0.0,0.0,0.0,0.0,0.0,0.0,0.0,0.0,0.0,0.22790309105146603
dataset/test_set\bus\385.jpg,0.054260651626806156,0.03458646616396882,0.034670008352770676,0.060442773598143575,0.034962406013577176,0.0622389306573835,0.07660818713130292,0.03563074352399203,0.07372598161763885,0.06040100250374265,0.21340852129434384,0.0,0.0,0.0,0.0,0.0,0.0,0.0,0.0,0.0,0.0,0.0,0.0,0.0,0.0,0.0,0.0,0.0,0.0,0.0,0.0,0.0,0.0,0.0,0.0,0.0,0.0,0.0,0.0,0.0,0.0,0.0,0.0,0.0,0.0,0.0,0.0,0.0,0.0,0.0,0.0,0.0,0.0,0.0,0.0,0.0,0.0,0.0,0.2590643274745587
dataset/test_set\bus\386.jpg,0.064870509604642,0.04331662489376288,0.04536340851940838,0.066624895569481,0.04536340851940838,0.07422723475044998,0.0874269005811434,0.038972431076066315,0.053132832077981085,0.05923141186051665,0.1989974937260235,0.0,0.0,0.0,0.0,0.0,0.0,0.0,0.0,0.0,0.0,0.0,0.0,0.0,0.0,0.0,0.0,0.0,0.0,0.0,0.0,0.0,0.0,0.0,0.0,0.0,0.0,0.0,0.0,0.0,0.0,0.0,0.0,0.0,0.0,0.0,0.0,0.0,0.0,0.0,0.0,0.0,0.0,0.0,0.0,0.0,0.0,0.0,0.2224728487793453
dataset/test_set\bus\394.jpg,0.10509607351273617,0.0509607351691328,0.043274853799361954,0.04916457810989287,0.057393483706875796,0.058270676689295295,0.05467836257081544,0.04703425229544552,0.061361737674964,0.07243107769121006,0.14983291561613063,0.0,0.0,0.0,0.0,0.0,0.0,0.0,0.0,0.0,0.0,0.0,0.0,0.0,0.0,0.0,0.0,0.0,0.0,0.0,0.0,0.0,0.0,0.0,0.0,0.0,0.0,0.0,0.0,0.0,0.0,0.0,0.0,0.0,0.0,0.0,0.0,0.0,0.0,0.0,0.0,0.0,0.0,0.0,0.0,0.0,0.0,0.0,0.2505012531223684
dataset/test_set\bus\395.jpg,0.09344193817487711,0.06144527986376586,0.04093567251290996,0.0559314954028433,0.06307435254540207,0.05334168754998573,0.05175438596275044,0.04820384293867152,0.06152882205256772,0.06570593149266057,0.14390142021119878,0.0,0.0,0.0,0.0,0.0,0.0,0.0,0.0,0.0,0.0,0.0,0.0,0.0,0.0,0.0,0.0,0.0,0.0,0.0,0.0,0.0,0.0,0.0,0.0,0.0,0.0,0.0,0.0,0.0,0.0,0.0,0.0,0.0,0.0,0.0,0.0,0.0,0.0,0.0,0.0,0.0,0.0,0.0,0.0,0.0,0.0,0.0,0.26073517125059587
dataset/test_set\bus\396.jpg,0.09903926482460153,0.055137844609225654,0.04766081871145945,0.055847953214041436,0.04908103592109102,0.06315789473420393,0.05935672514371943,0.04928989139309566,0.05129490392434023,0.05321637426678294,0.1590225563843349,0.0,0.0,0.0,0.0,0.0,0.0,0.0,0.0,0.0,0.0,0.0,0.0,0.0,0.0,0.0,0.0,0.0,0.0,0.0,0.0,0.0,0.0,0.0,0.0,0.0,0.0,0.0,0.0,0.0,0.0,0.0,0.0,0.0,0.0,0.0,0.0,0.0,0.0,0.0,0.0,0.0,0.0,0.0,0.0,0.0,0.0,0.0,0.25789473683133274
dataset/test_set\bus\397.jpg,0.09511278195091426,0.05175438596275044,0.048538011693878946,0.0610693400141575,0.049999999997911444,0.06595655805906614,0.06060985797574729,0.04874686716588359,0.06315789473420393,0.057435254801276724,0.15317460316820491,0.0,0.0,0.0,0.0,0.0,0.0,0.0,0.0,0.0,0.0,0.0,0.0,0.0,0.0,0.0,0.0,0.0,0.0,0.0,0.0,0.0,0.0,0.0,0.0,0.0,0.0,0.0,0.0,0.0,0.0,0.0,0.0,0.0,0.0,0.0,0.0,0.0,0.0,0.0,0.0,0.0,0.0,0.0,0.0,0.0,0.0,0.0,0.24444444443423372
dataset/test_set\bus\398.jpg,0.07092731829277664,0.05764411027328136,0.03834586466005239,0.06712614870229214,0.059314954049318504,0.061027568919756574,0.05233918128436344,0.046282372596228805,0.06896407685593299,0.06031746031494079,0.15802005011871262,0.0,0.0,0.0,0.0,0.0,0.0,0.0,0.0,0.0,0.0,0.0,0.0,0.0,0.0,0.0,0.0,0.0,0.0,0.0,0.0,0.0,0.0,0.0,0.0,0.0,0.0,0.0,0.0,0.0,0.0,0.0,0.0,0.0,0.0,0.0,0.0,0.0,0.0,0.0,0.0,0.0,0.0,0.0,0.0,0.0,0.0,0.0,0.25969089389057265
dataset/test_set\dinosaurs\400.jpg,0.030284043440673182,0.015413533833942625,0.01441102756832034,0.0352965747687846,0.016290726816362126,0.027568922304612827,0.04937343358189752,0.01474519632352777,0.033667502087148395,0.03596491227919946,0.5749791144287811,0.0,0.0,0.0,0.0,0.0,0.0,0.0,0.0,0.0,0.0,0.0,0.0,0.0,0.0,0.0,0.0,0.0,0.0,0.0,0.0,0.0,0.0,0.0,0.0,0.0,0.0,0.0,0.0,0.0,0.0,0.0,0.0,0.0,0.0,0.0,0.0,0.0,0.0,0.0,0.0,0.0,0.0,0.0,0.0,0.0,0.0,0.0,0.15200501252497892
dataset/test_set\dinosaurs\401.jpg,0.038262322471250526,0.017460317459588124,0.018796992480417836,0.030701754384682468,0.017460317459588124,0.032664995821526106,0.04974937343150587,0.021345029238874477,0.03746867167763289,0.04356725146016845,0.513074352526605,0.0,0.0,0.0,0.0,0.0,0.0,0.0,0.0,0.0,0.0,0.0,0.0,0.0,0.0,0.0,0.0,0.0,0.0,0.0,0.0,0.0,0.0,0.0,0.0,0.0,0.0,0.0,0.0,0.0,0.0,0.0,0.0,0.0,0.0,0.0,0.0,0.0,0.0,0.0,0.0,0.0,0.0,0.0,0.0,0.0,0.0,0.0,0.17944862154638894
dataset/test_set\dinosaurs\402.jpg,0.04231411862814059,0.023015873014911616,0.024728487885349686,0.03462823725836975,0.02464494569654783,0.03283208019912982,0.0437761069321731,0.02497911445175526,0.039974937341688596,0.03901420217046724,0.5091060985585169,0.0,0.0,0.0,0.0,0.0,0.0,0.0,0.0,0.0,0.0,0.0,0.0,0.0,0.0,0.0,0.0,0.0,0.0,0.0,0.0,0.0,0.0,0.0,0.0,0.0,0.0,0.0,0.0,0.0,0.0,0.0,0.0,0.0,0.0,0.0,0.0,0.0,0.0,0.0,0.0,0.0,0.0,0.0,0.0,0.0,0.0,0.0,0.16098579782117853
dataset/test_set\dinosaurs\403.jpg,0.028362573098230467,0.019632414368436407,0.01645781119396584,0.03304093567113446,0.017126148704380697,0.03592314118479853,0.060776942353351,0.015204678361937982,0.03233082706631868,0.04837092731627523,0.5245196323924595,0.0,0.0,0.0,0.0,0.0,0.0,0.0,0.0,0.0,0.0,0.0,0.0,0.0,0.0,0.0,0.0,0.0,0.0,0.0,0.0,0.0,0.0,0.0,0.0,0.0,0.0,0.0,0.0,0.0,0.0,0.0,0.0,0.0,0.0,0.0,0.0,0.0,0.0,0.0,0.0,0.0,0.0,0.0,0.0,0.0,0.0,0.0,0.1682539682469401
dataset/test_set\dinosaurs\404.jpg,0.03571428571279389,0.018629908102814122,0.015204678361937982,0.03421052631436046,0.015747702589150054,0.03120300751749361,0.057309941518073934,0.018128654970002978,0.03901420217046724,0.03817878028244867,0.5225563909556159,0.0,0.0,0.0,0.0,0.0,0.0,0.0,0.0,0.0,0.0,0.0,0.0,0.0,0.0,0.0,0.0,0.0,0.0,0.0,0.0,0.0,0.0,0.0,0.0,0.0,0.0,0.0,0.0,0.0,0.0,0.0,0.0,0.0,0.0,0.0,0.0,0.0,0.0,0.0,0.0,0.0,0.0,0.0,0.0,0.0,0.0,0.0,0.1741019214630701
dataset/test_set\dinosaurs\405.jpg,0.029573934835857397,0.01871345029161598,0.018504594819611336,0.032414369255120534,0.014243943190716627,0.02660818713339147,0.04887218044908637,0.019966583123643834,0.04101921470171181,0.0376357560552366,0.5246449456756622,0.0,0.0,0.0,0.0,0.0,0.0,0.0,0.0,0.0,0.0,0.0,0.0,0.0,0.0,0.0,0.0,0.0,0.0,0.0,0.0,0.0,0.0,0.0,0.0,0.0,0.0,0.0,0.0,0.0,0.0,0.0,0.0,0.0,0.0,0.0,0.0,0.0,0.0,0.0,0.0,0.0,0.0,0.0,0.0,0.0,0.0,0.0,0.18780284042657464
dataset/test_set\dinosaurs\406.jpg,0.036131996656803174,0.01783625730919648,0.016040100249956554,0.032957393482332606,0.017126148704380697,0.03053467000707875,0.04928989139309566,0.019172932330026194,0.03228905597191775,0.03546365914638832,0.5456975772537302,0.0,0.0,0.0,0.0,0.0,0.0,0.0,0.0,0.0,0.0,0.0,0.0,0.0,0.0,0.0,0.0,0.0,0.0,0.0,0.0,0.0,0.0,0.0,0.0,0.0,0.0,0.0,0.0,0.0,0.0,0.0,0.0,0.0,0.0,0.0,0.0,0.0,0.0,0.0,0.0,0.0,0.0,0.0,0.0,0.0,0.0,0.0,0.16746031745332246
dataset/test_set\dinosaurs\407.jpg,0.029532163741456466,0.017460317459588124,0.01929824561322898,0.033375104426341895,0.016499582288366767,0.033959899747954894,0.05639097744125351,0.015956558061154695,0.03959899749208024,0.046700083540238094,0.5187969924595323,0.0,0.0,0.0,0.0,0.0,0.0,0.0,0.0,0.0,0.0,0.0,0.0,0.0,0.0,0.0,0.0,0.0,0.0,0.0,0.0,0.0,0.0,0.0,0.0,0.0,0.0,0.0,0.0,0.0,0.0,0.0,0.0,0.0,0.0,0.0,0.0,0.0,0.0,0.0,0.0,0.0,0.0,0.0,0.0,0.0,0.0,0.0,0.17243107768703295
dataset/test_set\dinosaurs\408.jpg,0.058563074350101794,0.0350041771079781,0.028989139514244398,0.045697577274615805,0.03111946532869175,0.0446532999145926,0.05075187969712816,0.029365079363852752,0.04954051795950123,0.047243107767450165,0.37656641602437063,0.0,0.0,0.0,0.0,0.0,0.0,0.0,0.0,0.0,0.0,0.0,0.0,0.0,0.0,0.0,0.0,0.0,0.0,0.0,0.0,0.0,0.0,0.0,0.0,0.0,0.0,0.0,0.0,0.0,0.0,0.0,0.0,0.0,0.0,0.0,0.0,0.0,0.0,0.0,0.0,0.0,0.0,0.0,0.0,0.0,0.0,0.0,0.20250626565570148
dataset/test_set\dinosaurs\409.jpg,0.03312447785993632,0.017126148704380697,0.01675020885477234,0.03629908103440689,0.013951545529910127,0.021345029238874477,0.03350041770954468,0.018588137008413195,0.032414369255120534,0.037802840432840316,0.5983709272933011,0.0,0.0,0.0,0.0,0.0,0.0,0.0,0.0,0.0,0.0,0.0,0.0,0.0,0.0,0.0,0.0,0.0,0.0,0.0,0.0,0.0,0.0,0.0,0.0,0.0,0.0,0.0,0.0,0.0,0.0,0.0,0.0,0.0,0.0,0.0,0.0,0.0,0.0,0.0,0.0,0.0,0.0,0.0,0.0,0.0,0.0,0.0,0.1407268170367282
dataset/test_set\dinosaurs\446.jpg,0.03329156223754003,0.01700083542117791,0.01783625730919648,0.03191311612230939,0.01754385964838998,0.025396825395764544,0.04135338345691924,0.02038429406765312,0.03563074352399203,0.03475355054157253,0.5577276524411977,0.0,0.0,0.0,0.0,0.0,0.0,0.0,0.0,0.0,0.0,0.0,0.0,0.0,0.0,0.0,0.0,0.0,0.0,0.0,0.0,0.0,0.0,0.0,0.0,0.0,0.0,0.0,0.0,0.0,0.0,0.0,0.0,0.0,0.0,0.0,0.0,0.0,0.0,0.0,0.0,0.0,0.0,0.0,0.0,0.0,0.0,0.0,0.16716791979251597
dataset/test_set\dinosaurs\447.jpg,0.04444444444258795,0.017919799497998337,0.01842105263080948,0.02915622389184811,0.014995822889933341,0.03061821219588061,0.039515455303278386,0.019966583123643834,0.03659147869521339,0.036257309940005956,0.5572263993083866,0.0,0.0,0.0,0.0,0.0,0.0,0.0,0.0,0.0,0.0,0.0,0.0,0.0,0.0,0.0,0.0,0.0,0.0,0.0,0.0,0.0,0.0,0.0,0.0,0.0,0.0,0.0,0.0,0.0,0.0,0.0,0.0,0.0,0.0,0.0,0.0,0.0,0.0,0.0,0.0,0.0,0.0,0.0,0.0,0.0,0.0,0.0,0.15488721803864297
dataset/test_set\dinosaurs\448.jpg,0.03479532163597346,0.018880534669219694,0.01695906432677698,0.02464494569654783,0.018253968253205764,0.03291562238793168,0.036424394317609673,0.014076858813112913,0.025146198829358972,0.030075187968668537,0.617167919773719,0.0,0.0,0.0,0.0,0.0,0.0,0.0,0.0,0.0,0.0,0.0,0.0,0.0,0.0,0.0,0.0,0.0,0.0,0.0,0.0,0.0,0.0,0.0,0.0,0.0,0.0,0.0,0.0,0.0,0.0,0.0,0.0,0.0,0.0,0.0,0.0,0.0,0.0,0.0,0.0,0.0,0.0,0.0,0.0,0.0,0.0,0.0,0.13065998328610443
dataset/test_set\dinosaurs\449.jpg,0.04820384293867152,0.02439431913014226,0.024227234752538546,0.03830409356565146,0.020258980784450334,0.03333333333194096,0.03993316624728767,0.02230576441009583,0.04118629907931553,0.03604845446800132,0.5081871344816964,0.0,0.0,0.0,0.0,0.0,0.0,0.0,0.0,0.0,0.0,0.0,0.0,0.0,0.0,0.0,0.0,0.0,0.0,0.0,0.0,0.0,0.0,0.0,0.0,0.0,0.0,0.0,0.0,0.0,0.0,0.0,0.0,0.0,0.0,0.0,0.0,0.0,0.0,0.0,0.0,0.0,0.0,0.0,0.0,0.0,0.0,0.0,0.16361737676843705
dataset/test_set\dinosaurs\450.jpg,0.02949039264705554,0.020426065162054047,0.0142021720963157,0.055847953214041436,0.01846282372521041,0.029072681703046253,0.06829573934551814,0.015204678361937982,0.043274853799361954,0.041228070173716456,0.4606934001478407,0.0,0.0,0.0,0.0,0.0,0.0,0.0,0.0,0.0,0.0,0.0,0.0,0.0,0.0,0.0,0.0,0.0,0.0,0.0,0.0,0.0,0.0,0.0,0.0,0.0,0.0,0.0,0.0,0.0,0.0,0.0,0.0,0.0,0.0,0.0,0.0,0.0,0.0,0.0,0.0,0.0,0.0,0.0,0.0,0.0,0.0,0.0,0.20380116958213026
dataset/test_set\dinosaurs\458.jpg,0.056265664158050725,0.02777777777661747,0.024143692563736687,0.04072681704090531,0.02690058479419797,0.03446115288076603,0.041979949872933166,0.024728487885349686,0.04974937343150587,0.04139515455132017,0.4729741019017137,0.0,0.0,0.0,0.0,0.0,0.0,0.0,0.0,0.0,0.0,0.0,0.0,0.0,0.0,0.0,0.0,0.0,0.0,0.0,0.0,0.0,0.0,0.0,0.0,0.0,0.0,0.0,0.0,0.0,0.0,0.0,0.0,0.0,0.0,0.0,0.0,0.0,0.0,0.0,0.0,0.0,0.0,0.0,0.0,0.0,0.0,0.0,0.1588972431011321
dataset/test_set\dinosaurs\459.jpg,0.046700083540238094,0.027276524643806328,0.020843776106063333,0.028195488720626754,0.026984126982999828,0.03003341687426761,0.0388053466984626,0.02639933166138683,0.035547201335190175,0.03680033416721803,0.5104427735793465,0.0,0.0,0.0,0.0,0.0,0.0,0.0,0.0,0.0,0.0,0.0,0.0,0.0,0.0,0.0,0.0,0.0,0.0,0.0,0.0,0.0,0.0,0.0,0.0,0.0,0.0,0.0,0.0,0.0,0.0,0.0,0.0,0.0,0.0,0.0,0.0,0.0,0.0,0.0,0.0,0.0,0.0,0.0,0.0,0.0,0.0,0.0,0.17197159564862274
dataset/test_set\dinosaurs\460.jpg,0.02744360902141004,0.011737677526660915,0.014243943190716627,0.0246031746021469,0.011821219715462773,0.025605680867769185,0.04310776942175824,0.01219715956507113,0.02994987468546575,0.030659983290281537,0.6355889724045284,0.0,0.0,0.0,0.0,0.0,0.0,0.0,0.0,0.0,0.0,0.0,0.0,0.0,0.0,0.0,0.0,0.0,0.0,0.0,0.0,0.0,0.0,0.0,0.0,0.0,0.0,0.0,0.0,0.0,0.0,0.0,0.0,0.0,0.0,0.0,0.0,0.0,0.0,0.0,0.0,0.0,0.0,0.0,0.0,0.0,0.0,0.0,0.13304093566695735
dataset/test_set\dinosaurs\461.jpg,0.037844611527241244,0.02773600668221654,0.020802005011662406,0.04649122806823345,0.025605680867769185,0.04164578111772574,0.059857978276530575,0.019340016707629908,0.044862155386597234,0.045154553047403734,0.4421052631394275,0.0,0.0,0.0,0.0,0.0,0.0,0.0,0.0,0.0,0.0,0.0,0.0,0.0,0.0,0.0,0.0,0.0,0.0,0.0,0.0,0.0,0.0,0.0,0.0,0.0,0.0,0.0,0.0,0.0,0.0,0.0,0.0,0.0,0.0,0.0,0.0,0.0,0.0,0.0,0.0,0.0,0.0,0.0,0.0,0.0,0.0,0.0,0.18855472012579136
dataset/test_set\dinosaurs\462.jpg,0.04185463658973038,0.026065162906179398,0.02293233082610976,0.03387635755915303,0.025939849622976616,0.031537176272701035,0.04043441938009881,0.021136173766869833,0.03416875521995953,0.039515455303278386,0.5186716791763295,0.0,0.0,0.0,0.0,0.0,0.0,0.0,0.0,0.0,0.0,0.0,0.0,0.0,0.0,0.0,0.0,0.0,0.0,0.0,0.0,0.0,0.0,0.0,0.0,0.0,0.0,0.0,0.0,0.0,0.0,0.0,0.0,0.0,0.0,0.0,0.0,0.0,0.0,0.0,0.0,0.0,0.0,0.0,0.0,0.0,0.0,0.0,0.1638680033348426
dataset/test_set\dinosaurs\470.jpg,0.041144527984914595,0.02126148705007262,0.017167919798781624,0.045238095236205596,0.018128654970002978,0.02552213867896733,0.03634085212880782,0.019131161235625263,0.03993316624728767,0.03132832080069639,0.5560150375707597,0.0,0.0,0.0,0.0,0.0,0.0,0.0,0.0,0.0,0.0,0.0,0.0,0.0,0.0,0.0,0.0,0.0,0.0,0.0,0.0,0.0,0.0,0.0,0.0,0.0,0.0,0.0,0.0,0.0,0.0,0.0,0.0,0.0,0.0,0.0,0.0,0.0,0.0,0.0,0.0,0.0,0.0,0.0,0.0,0.0,0.0,0.0,0.14878863825610741
dataset/test_set\dinosaurs\471.jpg,0.03905597326486817,0.02543859649016547,0.02155388471087912,0.05016708437551516,0.02435254803574133,0.029532163741456466,0.04561403508581395,0.020634920634058692,0.043525480365767526,0.045238095236205596,0.48020050123307434,0.0,0.0,0.0,0.0,0.0,0.0,0.0,0.0,0.0,0.0,0.0,0.0,0.0,0.0,0.0,0.0,0.0,0.0,0.0,0.0,0.0,0.0,0.0,0.0,0.0,0.0,0.0,0.0,0.0,0.0,0.0,0.0,0.0,0.0,0.0,0.0,0.0,0.0,0.0,0.0,0.0,0.0,0.0,0.0,0.0,0.0,0.0,0.1746867167846831
dataset/test_set\dinosaurs\472.jpg,0.031370091895097325,0.020551378445256833,0.018128654970002978,0.041729323306527594,0.01817042606440391,0.0388053466984626,0.06474519632143921,0.014369256473919413,0.02882205513664068,0.03947368420887746,0.5429824561176699,0.0,0.0,0.0,0.0,0.0,0.0,0.0,0.0,0.0,0.0,0.0,0.0,0.0,0.0,0.0,0.0,0.0,0.0,0.0,0.0,0.0,0.0,0.0,0.0,0.0,0.0,0.0,0.0,0.0,0.0,0.0,0.0,0.0,0.0,0.0,0.0,0.0,0.0,0.0,0.0,0.0,0.0,0.0,0.0,0.0,0.0,0.0,0.140852130319931
dataset/test_set\dinosaurs\473.jpg,0.032957393482332606,0.01675020885477234,0.016583124477168625,0.04544695070821023,0.01248955722587763,0.019340016707629908,0.036382623223208746,0.017418546365187196,0.03918128654807096,0.039557226397679314,0.5974519632164806,0.0,0.0,0.0,0.0,0.0,0.0,0.0,0.0,0.0,0.0,0.0,0.0,0.0,0.0,0.0,0.0,0.0,0.0,0.0,0.0,0.0,0.0,0.0,0.0,0.0,0.0,0.0,0.0,0.0,0.0,0.0,0.0,0.0,0.0,0.0,0.0,0.0,0.0,0.0,0.0,0.0,0.0,0.0,0.0,0.0,0.0,0.0,0.12644110275161063
dataset/test_set\dinosaurs\474.jpg,0.028738512947838826,0.016624895571569553,0.01474519632352777,0.03283208019912982,0.015246449456338912,0.03132832080069639,0.0486215538826808,0.0142021720963157,0.027652464493414682,0.032539682538323324,0.6076023391559063,0.0,0.0,0.0,0.0,0.0,0.0,0.0,0.0,0.0,0.0,0.0,0.0,0.0,0.0,0.0,0.0,0.0,0.0,0.0,0.0,0.0,0.0,0.0,0.0,0.0,0.0,0.0,0.0,0.0,0.0,0.0,0.0,0.0,0.0,0.0,0.0,0.0,0.0,0.0,0.0,0.0,0.0,0.0,0.0,0.0,0.0,0.0,0.12986633249248677
dataset/test_set\dinosaurs\482.jpg,0.04335839598816381,0.02669172932219333,0.023350041770119047,0.04360902255456938,0.022514619882100476,0.02823725981502768,0.048830409354685446,0.025605680867769185,0.04477861319779538,0.04235588972254153,0.44857978277157146,0.0,0.0,0.0,0.0,0.0,0.0,0.0,0.0,0.0,0.0,0.0,0.0,0.0,0.0,0.0,0.0,0.0,0.0,0.0,0.0,0.0,0.0,0.0,0.0,0.0,0.0,0.0,0.0,0.0,0.0,0.0,0.0,0.0,0.0,0.0,0.0,0.0,0.0,0.0,0.0,0.0,0.0,0.0,0.0,0.0,0.0,0.0,0.2020885547116922
dataset/test_set\dinosaurs\483.jpg,0.03191311612230939,0.01750208855398905,0.015705931494749126,0.03776106933843939,0.014494569757122199,0.028738512947838826,0.049999999997911444,0.017627401837191838,0.03387635755915303,0.03362573099274746,0.5478279030681776,0.0,0.0,0.0,0.0,0.0,0.0,0.0,0.0,0.0,0.0,0.0,0.0,0.0,0.0,0.0,0.0,0.0,0.0,0.0,0.0,0.0,0.0,0.0,0.0,0.0,0.0,0.0,0.0,0.0,0.0,0.0,0.0,0.0,0.0,0.0,0.0,0.0,0.0,0.0,0.0,0.0,0.0,0.0,0.0,0.0,0.0,0.0,0.17092731828859953
dataset/test_set\dinosaurs\484.jpg,0.03592314118479853,0.01729323308198441,0.016290726816362126,0.026775271510995183,0.015747702589150054,0.030075187968668537,0.04089390141850903,0.01842105263080948,0.030743525479083395,0.03684210526161896,0.566290726793388,0.0,0.0,0.0,0.0,0.0,0.0,0.0,0.0,0.0,0.0,0.0,0.0,0.0,0.0,0.0,0.0,0.0,0.0,0.0,0.0,0.0,0.0,0.0,0.0,0.0,0.0,0.0,0.0,0.0,0.0,0.0,0.0,0.0,0.0,0.0,0.0,0.0,0.0,0.0,0.0,0.0,0.0,0.0,0.0,0.0,0.0,0.0,0.1647034252228612
dataset/test_set\dinosaurs\485.jpg,0.053425229738787584,0.02994987468546575,0.022514619882100476,0.04243943191134338,0.026357560566985898,0.03876357560406167,0.056140350874847936,0.025939849622976616,0.039724310775283024,0.0483291562218743,0.41432748536281006,0.0,0.0,0.0,0.0,0.0,0.0,0.0,0.0,0.0,0.0,0.0,0.0,0.0,0.0,0.0,0.0,0.0,0.0,0.0,0.0,0.0,0.0,0.0,0.0,0.0,0.0,0.0,0.0,0.0,0.0,0.0,0.0,0.0,0.0,0.0,0.0,0.0,0.0,0.0,0.0,0.0,0.0,0.0,0.0,0.0,0.0,0.0,0.2020885547116922
dataset/test_set\dinosaurs\486.jpg,0.04966583124270402,0.022848788637307903,0.022514619882100476,0.03341687552074282,0.02230576441009583,0.03086883876228618,0.04590643274662045,0.02435254803574133,0.03830409356565146,0.03713450292242546,0.4959482038222244,0.0,0.0,0.0,0.0,0.0,0.0,0.0,0.0,0.0,0.0,0.0,0.0,0.0,0.0,0.0,0.0,0.0,0.0,0.0,0.0,0.0,0.0,0.0,0.0,0.0,0.0,0.0,0.0,0.0,0.0,0.0,0.0,0.0,0.0,0.0,0.0,0.0,0.0,0.0,0.0,0.0,0.0,0.0,0.0,0.0,0.0,0.0,0.1767335004103286
dataset/test_set\elephants\500.jpg,0.08379281536826262,0.04030910609689603,0.040685045946504385,0.07639933165929827,0.047410192145053875,0.06491228069904292,0.06332497911180765,0.04632414369062973,0.08061821219379206,0.06959064327194692,0.17101086047740138,0.0,0.0,0.0,0.0,0.0,0.0,0.0,0.0,0.0,0.0,0.0,0.0,0.0,0.0,0.0,0.0,0.0,0.0,0.0,0.0,0.0,0.0,0.0,0.0,0.0,0.0,0.0,0.0,0.0,0.0,0.0,0.0,0.0,0.0,0.0,0.0,0.0,0.0,0.0,0.0,0.0,0.0,0.0,0.0,0.0,0.0,0.0,0.21562238929759306
dataset/test_set\elephants\501.jpg,0.11875522138183979,0.05275689222837273,0.05204678362355694,0.05659983291325815,0.04695071010664366,0.05618212196924886,0.06035923140934172,0.053299916455584795,0.05292397660597644,0.0515455304907458,0.15881370091233024,0.0,0.0,0.0,0.0,0.0,0.0,0.0,0.0,0.0,0.0,0.0,0.0,0.0,0.0,0.0,0.0,0.0,0.0,0.0,0.0,0.0,0.0,0.0,0.0,0.0,0.0,0.0,0.0,0.0,0.0,0.0,0.0,0.0,0.0,0.0,0.0,0.0,0.0,0.0,0.0,0.0,0.0,0.0,0.0,0.0,0.0,0.0,0.23976608186132972
dataset/test_set\elephants\502.jpg,0.09636591478294211,0.0355889724295911,0.05258980785076901,0.07756892230252427,0.04139515455132017,0.06010860484293615,0.11019214702964945,0.04302422723295638,0.057393483706875796,0.05409356724920244,0.18650793650014585,0.0,0.0,0.0,0.0,0.0,0.0,0.0,0.0,0.0,0.0,0.0,0.0,0.0,0.0,0.0,0.0,0.0,0.0,0.0,0.0,0.0,0.0,0.0,0.0,0.0,0.0,0.0,0.0,0.0,0.0,0.0,0.0,0.0,0.0,0.0,0.0,0.0,0.0,0.0,0.0,0.0,0.0,0.0,0.0,0.0,0.0,0.0,0.18517126147931615
dataset/test_set\elephants\503.jpg,0.1013366750166526,0.04649122806823345,0.0616541353357705,0.06629072681427357,0.04958228905390216,0.06219715956298257,0.06833751043991906,0.0547619047596173,0.06888053466713114,0.05973266499332779,0.13504594819820193,0.0,0.0,0.0,0.0,0.0,0.0,0.0,0.0,0.0,0.0,0.0,0.0,0.0,0.0,0.0,0.0,0.0,0.0,0.0,0.0,0.0,0.0,0.0,0.0,0.0,0.0,0.0,0.0,0.0,0.0,0.0,0.0,0.0,0.0,0.0,0.0,0.0,0.0,0.0,0.0,0.0,0.0,0.0,0.0,0.0,0.0,0.0,0.2256892230482168
dataset/test_set\elephants\504.jpg,0.10296574769828881,0.04653299916263438,0.047994987466666875,0.0710108604815785,0.0494987468651003,0.055012531326022865,0.07372598161763885,0.05062656641392537,0.05488721804282008,0.055304928986829364,0.1634502923908333,0.0,0.0,0.0,0.0,0.0,0.0,0.0,0.0,0.0,0.0,0.0,0.0,0.0,0.0,0.0,0.0,0.0,0.0,0.0,0.0,0.0,0.0,0.0,0.0,0.0,0.0,0.0,0.0,0.0,0.0,0.0,0.0,0.0,0.0,0.0,0.0,0.0,0.0,0.0,0.0,0.0,0.0,0.0,0.0,0.0,0.0,0.0,0.22898913950589017
dataset/test_set\elephants\505.jpg,0.08650793650432298,0.036257309940005956,0.037552213866434744,0.044695071008993524,0.03450292397516696,0.04202172096733409,0.0562238930636498,0.04415204678178145,0.05555555555323494,0.04678362572903995,0.30150375938590207,0.0,0.0,0.0,0.0,0.0,0.0,0.0,0.0,0.0,0.0,0.0,0.0,0.0,0.0,0.0,0.0,0.0,0.0,0.0,0.0,0.0,0.0,0.0,0.0,0.0,0.0,0.0,0.0,0.0,0.0,0.0,0.0,0.0,0.0,0.0,0.0,0.0,0.0,0.0,0.0,0.0,0.0,0.0,0.0,0.0,0.0,0.0,0.2142439431823624
dataset/test_set\elephants\506.jpg,0.09536340851731982,0.05292397660597644,0.04365079364897031,0.0698412698383525,0.04991645780910959,0.05806182121729065,0.06115288220295936,0.05296574770037737,0.07514619882727042,0.059983291559733365,0.13333333332776384,0.0,0.0,0.0,0.0,0.0,0.0,0.0,0.0,0.0,0.0,0.0,0.0,0.0,0.0,0.0,0.0,0.0,0.0,0.0,0.0,0.0,0.0,0.0,0.0,0.0,0.0,0.0,0.0,0.0,0.0,0.0,0.0,0.0,0.0,0.0,0.0,0.0,0.0,0.0,0.0,0.0,0.0,0.0,0.0,0.0,0.0,0.0,0.24766081870310522
dataset/test_set\elephants\507.jpg,0.07857142856814656,0.03680033416721803,0.03671679197841617,0.044569757725790735,0.03888888888726446,0.06374269005581693,0.07284878863521935,0.042105263156135955,0.07326649957922864,0.09126984126602883,0.2149540517871782,0.0,0.0,0.0,0.0,0.0,0.0,0.0,0.0,0.0,0.0,0.0,0.0,0.0,0.0,0.0,0.0,0.0,0.0,0.0,0.0,0.0,0.0,0.0,0.0,0.0,0.0,0.0,0.0,0.0,0.0,0.0,0.0,0.0,0.0,0.0,0.0,0.0,0.0,0.0,0.0,0.0,0.0,0.0,0.0,0.0,0.0,0.0,0.20626566415178504
dataset/test_set\elephants\508.jpg,0.09277360066446226,0.04005847953049046,0.04110275689051367,0.060150375937337075,0.04461152882019166,0.04661654135143623,0.05726817042367301,0.04264828738334803,0.064870509604642,0.05488721804282008,0.2028404344109089,0.0,0.0,0.0,0.0,0.0,0.0,0.0,0.0,0.0,0.0,0.0,0.0,0.0,0.0,0.0,0.0,0.0,0.0,0.0,0.0,0.0,0.0,0.0,0.0,0.0,0.0,0.0,0.0,0.0,0.0,0.0,0.0,0.0,0.0,0.0,0.0,0.0,0.0,0.0,0.0,0.0,0.0,0.0,0.0,0.0,0.0,0.0,0.25217209689840553
dataset/test_set\elephants\509.jpg,0.10701754385517888,0.04532163742500745,0.05129490392434023,0.05852130325570087,0.047994987466666875,0.06804511277911257,0.06403508771662343,0.05526315789242844,0.05668337510206001,0.060275689220539864,0.13909774435509198,0.0,0.0,0.0,0.0,0.0,0.0,0.0,0.0,0.0,0.0,0.0,0.0,0.0,0.0,0.0,0.0,0.0,0.0,0.0,0.0,0.0,0.0,0.0,0.0,0.0,0.0,0.0,0.0,0.0,0.0,0.0,0.0,0.0,0.0,0.0,0.0,0.0,0.0,0.0,0.0,0.0,0.0,0.0,0.0,0.0,0.0,0.0,0.2464494569654783
dataset/test_set\elephants\572.jpg,0.11081871344566338,0.04707602338984645,0.057435254801276724,0.06257309941259093,0.04937343358189752,0.06023391812613893,0.06274018379019465,0.059147869671714794,0.07472848788326113,0.05776942355648415,0.13287385128935364,0.0,0.0,0.0,0.0,0.0,0.0,0.0,0.0,0.0,0.0,0.0,0.0,0.0,0.0,0.0,0.0,0.0,0.0,0.0,0.0,0.0,0.0,0.0,0.0,0.0,0.0,0.0,0.0,0.0,0.0,0.0,0.0,0.0,0.0,0.0,0.0,0.0,0.0,0.0,0.0,0.0,0.0,0.0,0.0,0.0,0.0,0.0,0.2252297410098066
dataset/test_set\elephants\573.jpg,0.08968253967879354,0.039724310775283024,0.03634085212880782,0.057017543857267435,0.034962406013577176,0.0437761069321731,0.08358395989625798,0.04548872180261116,0.04636591478503066,0.040977443607310884,0.26850459480916855,0.0,0.0,0.0,0.0,0.0,0.0,0.0,0.0,0.0,0.0,0.0,0.0,0.0,0.0,0.0,0.0,0.0,0.0,0.0,0.0,0.0,0.0,0.0,0.0,0.0,0.0,0.0,0.0,0.0,0.0,0.0,0.0,0.0,0.0,0.0,0.0,0.0,0.0,0.0,0.0,0.0,0.0,0.0,0.0,0.0,0.0,0.0,0.21357560567194755
dataset/test_set\elephants\574.jpg,0.0843358395954747,0.05839598997249808,0.0477443609002613,0.07811194652973634,0.04649122806823345,0.08032581453298555,0.055847953214041436,0.05275689222837273,0.0686716791951265,0.05522138679802751,0.1118629908056866,0.0,0.0,0.0,0.0,0.0,0.0,0.0,0.0,0.0,0.0,0.0,0.0,0.0,0.0,0.0,0.0,0.0,0.0,0.0,0.0,0.0,0.0,0.0,0.0,0.0,0.0,0.0,0.0,0.0,0.0,0.0,0.0,0.0,0.0,0.0,0.0,0.0,0.0,0.0,0.0,0.0,0.0,0.0,0.0,0.0,0.0,0.0,0.26023391811778473
dataset/test_set\elephants\575.jpg,0.11157059314488009,0.049707602337104945,0.049415204676298445,0.0544695070988108,0.04473684210339445,0.06131996658056307,0.05747702589567765,0.06236424394058629,0.054135338343603366,0.054177109438004294,0.1467418546304619,0.0,0.0,0.0,0.0,0.0,0.0,0.0,0.0,0.0,0.0,0.0,0.0,0.0,0.0,0.0,0.0,0.0,0.0,0.0,0.0,0.0,0.0,0.0,0.0,0.0,0.0,0.0,0.0,0.0,0.0,0.0,0.0,0.0,0.0,0.0,0.0,0.0,0.0,0.0,0.0,0.0,0.0,0.0,0.0,0.0,0.0,0.0,0.2538847117688436
dataset/test_set\elephants\576.jpg,0.09920634920220525,0.047243107767450165,0.052130325812358796,0.07017543859355992,0.05263157894516994,0.06654135338067914,0.06211361737418072,0.053968253965999656,0.08245614034743291,0.06090225563655379,0.12360066833234751,0.0,0.0,0.0,0.0,0.0,0.0,0.0,0.0,0.0,0.0,0.0,0.0,0.0,0.0,0.0,0.0,0.0,0.0,0.0,0.0,0.0,0.0,0.0,0.0,0.0,0.0,0.0,0.0,0.0,0.0,0.0,0.0,0.0,0.0,0.0,0.0,0.0,0.0,0.0,0.0,0.0,0.0,0.0,0.0,0.0,0.0,0.0,0.2290309106002911
dataset/test_set\elephants\577.jpg,0.08471177944508305,0.05045948203632166,0.04632414369062973,0.06587301587026428,0.046115288218625095,0.06119465329736029,0.07272347535201656,0.05693400166846558,0.07627401837609549,0.054010025060400584,0.12869674184926078,0.0,0.0,0.0,0.0,0.0,0.0,0.0,0.0,0.0,0.0,0.0,0.0,0.0,0.0,0.0,0.0,0.0,0.0,0.0,0.0,0.0,0.0,0.0,0.0,0.0,0.0,0.0,0.0,0.0,0.0,0.0,0.0,0.0,0.0,0.0,0.0,0.0,0.0,0.0,0.0,0.0,0.0,0.0,0.0,0.0,0.0,0.0,0.2566833750937058
dataset/test_set\elephants\578.jpg,0.09352548036367897,0.04047619047449974,0.04193817877853224,0.07364243942883698,0.04615705931302602,0.0900584795284019,0.08538011695549791,0.042982456138555454,0.059607351710125,0.06294903926219929,0.1673767752645206,0.0,0.0,0.0,0.0,0.0,0.0,0.0,0.0,0.0,0.0,0.0,0.0,0.0,0.0,0.0,0.0,0.0,0.0,0.0,0.0,0.0,0.0,0.0,0.0,0.0,0.0,0.0,0.0,0.0,0.0,0.0,0.0,0.0,0.0,0.0,0.0,0.0,0.0,0.0,0.0,0.0,0.0,0.0,0.0,0.0,0.0,0.0,0.1959064327403548
dataset/test_set\elephants\579.jpg,0.07756892230252427,0.03922305764247189,0.03650793650641153,0.07276524644641749,0.04014202171929231,0.05847953216129993,0.07243107769121006,0.045154553047403734,0.08249791144183384,0.05150375939634487,0.18663324978334864,0.0,0.0,0.0,0.0,0.0,0.0,0.0,0.0,0.0,0.0,0.0,0.0,0.0,0.0,0.0,0.0,0.0,0.0,0.0,0.0,0.0,0.0,0.0,0.0,0.0,0.0,0.0,0.0,0.0,0.0,0.0,0.0,0.0,0.0,0.0,0.0,0.0,0.0,0.0,0.0,0.0,0.0,0.0,0.0,0.0,0.0,0.0,0.2370927318196703
dataset/test_set\elephants\580.jpg,0.12351712614354565,0.04615705931302602,0.05004177109231237,0.053884711777197794,0.047827903089063165,0.049999999997911444,0.05317460317238201,0.05747702589567765,0.06002506265413429,0.05497076023162194,0.16725146198131782,0.0,0.0,0.0,0.0,0.0,0.0,0.0,0.0,0.0,0.0,0.0,0.0,0.0,0.0,0.0,0.0,0.0,0.0,0.0,0.0,0.0,0.0,0.0,0.0,0.0,0.0,0.0,0.0,0.0,0.0,0.0,0.0,0.0,0.0,0.0,0.0,0.0,0.0,0.0,0.0,0.0,0.0,0.0,0.0,0.0,0.0,0.0,0.23567251461003874
dataset/test_set\elephants\581.jpg,0.11332497910971909,0.05258980785076901,0.055722639930838654,0.05618212196924886,0.052548036756368086,0.05964912280452593,0.06336675020620858,0.05246449456756623,0.055847953214041436,0.05776942355648415,0.13170426064612764,0.0,0.0,0.0,0.0,0.0,0.0,0.0,0.0,0.0,0.0,0.0,0.0,0.0,0.0,0.0,0.0,0.0,0.0,0.0,0.0,0.0,0.0,0.0,0.0,0.0,0.0,0.0,0.0,0.0,0.0,0.0,0.0,0.0,0.0,0.0,0.0,0.0,0.0,0.0,0.0,0.0,0.0,0.0,0.0,0.0,0.0,0.0,0.24883040934633122
dataset/test_set\elephants\584.jpg,0.06161236424136957,0.045405179613809306,0.038095238093646816,0.07209690893600264,0.03717627401682639,0.061946532996577,0.07589807852648713,0.04757727652265759,0.08195488721462177,0.05668337510206001,0.15062656640974825,0.0,0.0,0.0,0.0,0.0,0.0,0.0,0.0,0.0,0.0,0.0,0.0,0.0,0.0,0.0,0.0,0.0,0.0,0.0,0.0,0.0,0.0,0.0,0.0,0.0,0.0,0.0,0.0,0.0,0.0,0.0,0.0,0.0,0.0,0.0,0.0,0.0,0.0,0.0,0.0,0.0,0.0,0.0,0.0,0.0,0.0,0.0,0.2709273182844224
dataset/test_set\elephants\585.jpg,0.0562238930636498,0.03341687552074282,0.03111946532869175,0.07857142856814656,0.029657477024659252,0.05668337510206001,0.06796157059031072,0.041979949872933166,0.10969089389683831,0.056265664158050725,0.15296574769620025,0.0,0.0,0.0,0.0,0.0,0.0,0.0,0.0,0.0,0.0,0.0,0.0,0.0,0.0,0.0,0.0,0.0,0.0,0.0,0.0,0.0,0.0,0.0,0.0,0.0,0.0,0.0,0.0,0.0,0.0,0.0,0.0,0.0,0.0,0.0,0.0,0.0,0.0,0.0,0.0,0.0,0.0,0.0,0.0,0.0,0.0,0.0,0.2854636591359455
dataset/test_set\elephants\586.jpg,0.05409356724920244,0.03571428571279389,0.032247284877516824,0.07276524644641749,0.03291562238793168,0.049707602337104945,0.06654135338067914,0.04310776942175824,0.08851294903556754,0.05233918128436344,0.1579782790243117,0.0,0.0,0.0,0.0,0.0,0.0,0.0,0.0,0.0,0.0,0.0,0.0,0.0,0.0,0.0,0.0,0.0,0.0,0.0,0.0,0.0,0.0,0.0,0.0,0.0,0.0,0.0,0.0,0.0,0.0,0.0,0.0,0.0,0.0,0.0,0.0,0.0,0.0,0.0,0.0,0.0,0.0,0.0,0.0,0.0,0.0,0.0,0.31407685880058156
dataset/test_set\elephants\587.jpg,0.09235588972045297,0.05488721804282008,0.04807852965546873,0.0686716791951265,0.05618212196924886,0.06612364243666985,0.06040100250374265,0.05409356724920244,0.0710108604815785,0.061862990807775145,0.11236424393849773,0.0,0.0,0.0,0.0,0.0,0.0,0.0,0.0,0.0,0.0,0.0,0.0,0.0,0.0,0.0,0.0,0.0,0.0,0.0,0.0,0.0,0.0,0.0,0.0,0.0,0.0,0.0,0.0,0.0,0.0,0.0,0.0,0.0,0.0,0.0,0.0,0.0,0.0,0.0,0.0,0.0,0.0,0.0,0.0,0.0,0.0,0.0,0.25396825395764544
dataset/test_set\elephants\588.jpg,0.10284043441508603,0.058730158727705505,0.04260651628894709,0.05689223057406465,0.05375939849399501,0.050543024225123516,0.04937343358189752,0.05935672514371943,0.06934001670554135,0.060275689220539864,0.1351712614814047,0.0,0.0,0.0,0.0,0.0,0.0,0.0,0.0,0.0,0.0,0.0,0.0,0.0,0.0,0.0,0.0,0.0,0.0,0.0,0.0,0.0,0.0,0.0,0.0,0.0,0.0,0.0,0.0,0.0,0.0,0.0,0.0,0.0,0.0,0.0,0.0,0.0,0.0,0.0,0.0,0.0,0.0,0.0,0.0,0.0,0.0,0.0,0.2611111111002042
dataset/test_set\elephants\589.jpg,0.062280701751784434,0.0385129490376561,0.03312447785993632,0.07155388470879057,0.03329156223754003,0.06069340016454915,0.06374269005581693,0.04507101085860188,0.09561403508372539,0.05250626566196716,0.14515455304322664,0.0,0.0,0.0,0.0,0.0,0.0,0.0,0.0,0.0,0.0,0.0,0.0,0.0,0.0,0.0,0.0,0.0,0.0,0.0,0.0,0.0,0.0,0.0,0.0,0.0,0.0,0.0,0.0,0.0,0.0,0.0,0.0,0.0,0.0,0.0,0.0,0.0,0.0,0.0,0.0,0.0,0.0,0.0,0.0,0.0,0.0,0.0,0.29845446949463433
dataset/test_set\elephants\590.jpg,0.06040100250374265,0.04703425229544552,0.03178780283910661,0.07610693399849178,0.04202172096733409,0.059147869671714794,0.07477025897766205,0.04899749373228916,0.07435254803365278,0.05350877192758944,0.17013366749498188,0.0,0.0,0.0,0.0,0.0,0.0,0.0,0.0,0.0,0.0,0.0,0.0,0.0,0.0,0.0,0.0,0.0,0.0,0.0,0.0,0.0,0.0,0.0,0.0,0.0,0.0,0.0,0.0,0.0,0.0,0.0,0.0,0.0,0.0,0.0,0.0,0.0,0.0,0.0,0.0,0.0,0.0,0.0,0.0,0.0,0.0,0.0,0.2617376775162181
dataset/test_set\elephants\591.jpg,0.05735171261247486,0.0471595655786483,0.03120300751749361,0.07861319966254748,0.04348370927136659,0.06762740183510328,0.061403508769364935,0.04131161236251831,0.09147869673803347,0.06035923140934172,0.13220551377893877,0.0,0.0,0.0,0.0,0.0,0.0,0.0,0.0,0.0,0.0,0.0,0.0,0.0,0.0,0.0,0.0,0.0,0.0,0.0,0.0,0.0,0.0,0.0,0.0,0.0,0.0,0.0,0.0,0.0,0.0,0.0,0.0,0.0,0.0,0.0,0.0,0.0,0.0,0.0,0.0,0.0,0.0,0.0,0.0,0.0,0.0,0.0,0.28780284042239757
dataset/test_set\elephants\592.jpg,0.06094402673095472,0.039849624058485814,0.03596491227919946,0.06766917292950421,0.03629908103440689,0.05605680868604608,0.07355889724003513,0.04632414369062973,0.08437761068987562,0.05409356724920244,0.16060985797157018,0.0,0.0,0.0,0.0,0.0,0.0,0.0,0.0,0.0,0.0,0.0,0.0,0.0,0.0,0.0,0.0,0.0,0.0,0.0,0.0,0.0,0.0,0.0,0.0,0.0,0.0,0.0,0.0,0.0,0.0,0.0,0.0,0.0,0.0,0.0,0.0,0.0,0.0,0.0,0.0,0.0,0.0,0.0,0.0,0.0,0.0,0.0,0.2842522973983186
dataset/test_set\elephants\593.jpg,0.06081871344775193,0.04177109440092853,0.035839598995996674,0.08671679197632762,0.036675020884015246,0.05697577276286651,0.06900584795033392,0.04578111946341766,0.09440267334609846,0.05263157894516994,0.12485380116437536,0.0,0.0,0.0,0.0,0.0,0.0,0.0,0.0,0.0,0.0,0.0,0.0,0.0,0.0,0.0,0.0,0.0,0.0,0.0,0.0,0.0,0.0,0.0,0.0,0.0,0.0,0.0,0.0,0.0,0.0,0.0,0.0,0.0,0.0,0.0,0.0,0.0,0.0,0.0,0.0,0.0,0.0,0.0,0.0,0.0,0.0,0.0,0.29452798662094704
dataset/test_set\flowers\600.jpg,0.022138680032492117,0.025689223056571044,0.021846282371685618,0.09294068504206597,0.025939849622976616,0.10584795321195288,0.06495405179344385,0.027652464493414682,0.12619047618520507,0.06349206348941136,0.15847953215712282,0.0,0.0,0.0,0.0,0.0,0.0,0.0,0.0,0.0,0.0,0.0,0.0,0.0,0.0,0.0,0.0,0.0,0.0,0.0,0.0,0.0,0.0,0.0,0.0,0.0,0.0,0.0,0.0,0.0,0.0,0.0,0.0,0.0,0.0,0.0,0.0,0.0,0.0,0.0,0.0,0.0,0.0,0.0,0.0,0.0,0.0,0.0,0.2648287385018869
dataset/test_set\flowers\601.jpg,0.028571428570235112,0.024853801168552472,0.02715121136060354,0.133834586460575,0.029532163741456466,0.13717627401264929,0.06265664160139278,0.030200501251871324,0.1376357560510595,0.06290726816779836,0.07602339180968992,0.0,0.0,0.0,0.0,0.0,0.0,0.0,0.0,0.0,0.0,0.0,0.0,0.0,0.0,0.0,0.0,0.0,0.0,0.0,0.0,0.0,0.0,0.0,0.0,0.0,0.0,0.0,0.0,0.0,0.0,0.0,0.0,0.0,0.0,0.0,0.0,0.0,0.0,0.0,0.0,0.0,0.0,0.0,0.0,0.0,0.0,0.0,0.24945697576234516
dataset/test_set\flowers\602.jpg,0.026482873850188684,0.023558897242123688,0.025104427734958044,0.11081871344566338,0.027401837927009114,0.12986633249248677,0.08429406850107377,0.02522974101816083,0.11900584794824537,0.06474519632143921,0.1370509607294465,0.0,0.0,0.0,0.0,0.0,0.0,0.0,0.0,0.0,0.0,0.0,0.0,0.0,0.0,0.0,0.0,0.0,0.0,0.0,0.0,0.0,0.0,0.0,0.0,0.0,0.0,0.0,0.0,0.0,0.0,0.0,0.0,0.0,0.0,0.0,0.0,0.0,0.0,0.0,0.0,0.0,0.0,0.0,0.0,0.0,0.0,0.0,0.22644110274743354
dataset/test_set\flowers\603.jpg,0.029281537175050897,0.02439431913014226,0.02322472848691626,0.11090225563446524,0.024227234752538546,0.09486215538450868,0.07080200500957386,0.025396825395764544,0.09160401002123626,0.05133667501874116,0.2513784461047879,0.0,0.0,0.0,0.0,0.0,0.0,0.0,0.0,0.0,0.0,0.0,0.0,0.0,0.0,0.0,0.0,0.0,0.0,0.0,0.0,0.0,0.0,0.0,0.0,0.0,0.0,0.0,0.0,0.0,0.0,0.0,0.0,0.0,0.0,0.0,0.0,0.0,0.0,0.0,0.0,0.0,0.0,0.0,0.0,0.0,0.0,0.0,0.20258980784450334
dataset/test_set\flowers\604.jpg,0.021846282371685618,0.021470342522077263,0.02067669172845962,0.06825396825111721,0.024436090224543187,0.07677527150890663,0.058855472010908294,0.02435254803574133,0.08638262322112018,0.05835421887809715,0.32969924810652884,0.0,0.0,0.0,0.0,0.0,0.0,0.0,0.0,0.0,0.0,0.0,0.0,0.0,0.0,0.0,0.0,0.0,0.0,0.0,0.0,0.0,0.0,0.0,0.0,0.0,0.0,0.0,0.0,0.0,0.0,0.0,0.0,0.0,0.0,0.0,0.0,0.0,0.0,0.0,0.0,0.0,0.0,0.0,0.0,0.0,0.0,0.0,0.20889724309904356
dataset/test_set\flowers\605.jpg,0.02439431913014226,0.029782790307862038,0.02631578947258497,0.12690058479002087,0.034252297408761394,0.13746867167345578,0.05338345864438666,0.03233082706631868,0.14477861319361826,0.064870509604642,0.0698412698383525,0.0,0.0,0.0,0.0,0.0,0.0,0.0,0.0,0.0,0.0,0.0,0.0,0.0,0.0,0.0,0.0,0.0,0.0,0.0,0.0,0.0,0.0,0.0,0.0,0.0,0.0,0.0,0.0,0.0,0.0,0.0,0.0,0.0,0.0,0.0,0.0,0.0,0.0,0.0,0.0,0.0,0.0,0.0,0.0,0.0,0.0,0.0,0.2556808688280835
dataset/test_set\flowers\606.jpg,0.025605680867769185,0.0257727652453729,0.02610693400058033,0.1118629908056866,0.029072681703046253,0.13103592313571277,0.06591478696466521,0.024561403507745973,0.11771094402181659,0.06549707602065592,0.1368003341630409,0.0,0.0,0.0,0.0,0.0,0.0,0.0,0.0,0.0,0.0,0.0,0.0,0.0,0.0,0.0,0.0,0.0,0.0,0.0,0.0,0.0,0.0,0.0,0.0,0.0,0.0,0.0,0.0,0.0,0.0,0.0,0.0,0.0,0.0,0.0,0.0,0.0,0.0,0.0,0.0,0.0,0.0,0.0,0.0,0.0,0.0,0.0,0.24005847952213624
dataset/test_set\flowers\607.jpg,0.02263993316530326,0.030200501251871324,0.022431077693298617,0.12126148704589551,0.02293233082610976,0.12309941519953636,0.059147869671714794,0.025313283206962685,0.11817042606022679,0.05488721804282008,0.13007518796449144,0.0,0.0,0.0,0.0,0.0,0.0,0.0,0.0,0.0,0.0,0.0,0.0,0.0,0.0,0.0,0.0,0.0,0.0,0.0,0.0,0.0,0.0,0.0,0.0,0.0,0.0,0.0,0.0,0.0,0.0,0.0,0.0,0.0,0.0,0.0,0.0,0.0,0.0,0.0,0.0,0.0,0.0,0.0,0.0,0.0,0.0,0.0,0.2698412698299983
dataset/test_set\flowers\608.jpg,0.04248120300574431,0.026984126982999828,0.0272347535494054,0.1074770258935891,0.02832080200382954,0.10994152046324387,0.05467836257081544,0.026942355888598897,0.11086048454006431,0.06725146198549492,0.1405597326591245,0.0,0.0,0.0,0.0,0.0,0.0,0.0,0.0,0.0,0.0,0.0,0.0,0.0,0.0,0.0,0.0,0.0,0.0,0.0,0.0,0.0,0.0,0.0,0.0,0.0,0.0,0.0,0.0,0.0,0.0,0.0,0.0,0.0,0.0,0.0,0.0,0.0,0.0,0.0,0.0,0.0,0.0,0.0,0.0,0.0,0.0,0.0,0.2572681704153188
dataset/test_set\flowers\609.jpg,0.02151211361647819,0.019047619046823408,0.020342522973252192,0.1099832915576448,0.0257727652453729,0.08817878028036012,0.06754385964630143,0.019966583123643834,0.10492898913513246,0.06449456975503365,0.2590643274745587,0.0,0.0,0.0,0.0,0.0,0.0,0.0,0.0,0.0,0.0,0.0,0.0,0.0,0.0,0.0,0.0,0.0,0.0,0.0,0.0,0.0,0.0,0.0,0.0,0.0,0.0,0.0,0.0,0.0,0.0,0.0,0.0,0.0,0.0,0.0,0.0,0.0,0.0,0.0,0.0,0.0,0.0,0.0,0.0,0.0,0.0,0.0,0.1991645781036272
dataset/test_set\flowers\658.jpg,0.01921470342442712,0.02038429406765312,0.01817042606440391,0.06996658312155528,0.021386800333275405,0.07109440267038035,0.05994152046533243,0.021428571427676332,0.1068922305719761,0.055597326647635864,0.29899749372184636,0.0,0.0,0.0,0.0,0.0,0.0,0.0,0.0,0.0,0.0,0.0,0.0,0.0,0.0,0.0,0.0,0.0,0.0,0.0,0.0,0.0,0.0,0.0,0.0,0.0,0.0,0.0,0.0,0.0,0.0,0.0,0.0,0.0,0.0,0.0,0.0,0.0,0.0,0.0,0.0,0.0,0.0,0.0,0.0,0.0,0.0,0.0,0.2369256474420666
dataset/test_set\flowers\659.jpg,0.0257727652453729,0.023976608186132974,0.02410192146933576,0.07301587301282306,0.02322472848691626,0.07055137844316828,0.05634920634685258,0.02552213867896733,0.08421052631227191,0.05889724310530922,0.3363826232106774,0.0,0.0,0.0,0.0,0.0,0.0,0.0,0.0,0.0,0.0,0.0,0.0,0.0,0.0,0.0,0.0,0.0,0.0,0.0,0.0,0.0,0.0,0.0,0.0,0.0,0.0,0.0,0.0,0.0,0.0,0.0,0.0,0.0,0.0,0.0,0.0,0.0,0.0,0.0,0.0,0.0,0.0,0.0,0.0,0.0,0.0,0.0,0.1979949874604012
dataset/test_set\flowers\660.jpg,0.01867167919721505,0.018128654970002978,0.014703425229126842,0.04060150375770253,0.017669172931592765,0.05392648287159873,0.03416875521995953,0.021428571427676332,0.06069340016454915,0.035254803674383675,0.5232247284660307,0.0,0.0,0.0,0.0,0.0,0.0,0.0,0.0,0.0,0.0,0.0,0.0,0.0,0.0,0.0,0.0,0.0,0.0,0.0,0.0,0.0,0.0,0.0,0.0,0.0,0.0,0.0,0.0,0.0,0.0,0.0,0.0,0.0,0.0,0.0,0.0,0.0,0.0,0.0,0.0,0.0,0.0,0.0,0.0,0.0,0.0,0.0,0.1615288220483906
dataset/test_set\flowers\661.jpg,0.044569757725790735,0.029782790307862038,0.028195488720626754,0.07259816206881378,0.03149540517830011,0.07539682539367598,0.05104427735793466,0.037969924810444027,0.09494569757331053,0.053299916455584795,0.2682121971483621,0.0,0.0,0.0,0.0,0.0,0.0,0.0,0.0,0.0,0.0,0.0,0.0,0.0,0.0,0.0,0.0,0.0,0.0,0.0,0.0,0.0,0.0,0.0,0.0,0.0,0.0,0.0,0.0,0.0,0.0,0.0,0.0,0.0,0.0,0.0,0.0,0.0,0.0,0.0,0.0,0.0,0.0,0.0,0.0,0.0,0.0,0.0,0.2124895572175234
dataset/test_set\flowers\662.jpg,0.020133667501247548,0.02209690893809119,0.02067669172845962,0.10142021720545445,0.02067669172845962,0.08065998328819299,0.07627401837609549,0.021136173766869833,0.09703425229335697,0.06269841269579371,0.239598997483726,0.0,0.0,0.0,0.0,0.0,0.0,0.0,0.0,0.0,0.0,0.0,0.0,0.0,0.0,0.0,0.0,0.0,0.0,0.0,0.0,0.0,0.0,0.0,0.0,0.0,0.0,0.0,0.0,0.0,0.0,0.0,0.0,0.0,0.0,0.0,0.0,0.0,0.0,0.0,0.0,0.0,0.0,0.0,0.0,0.0,0.0,0.0,0.23759398495248146
dataset/test_set\flowers\663.jpg,0.021010860483667047,0.017460317459588124,0.014327485379518484,0.08170426064821619,0.01578947368355098,0.07284878863521935,0.0698412698383525,0.01754385964838998,0.08262322472503662,0.06040100250374265,0.3163324978982317,0.0,0.0,0.0,0.0,0.0,0.0,0.0,0.0,0.0,0.0,0.0,0.0,0.0,0.0,0.0,0.0,0.0,0.0,0.0,0.0,0.0,0.0,0.0,0.0,0.0,0.0,0.0,0.0,0.0,0.0,0.0,0.0,0.0,0.0,0.0,0.0,0.0,0.0,0.0,0.0,0.0,0.0,0.0,0.0,0.0,0.0,0.0,0.23011695905471524
dataset/test_set\flowers\664.jpg,0.03061821219588061,0.02347535505332183,0.021470342522077263,0.06528822054865129,0.01842105263080948,0.052255639095561586,0.04903926482669009,0.022848788637307903,0.057685881367682296,0.04548872180261116,0.45685045946295527,0.0,0.0,0.0,0.0,0.0,0.0,0.0,0.0,0.0,0.0,0.0,0.0,0.0,0.0,0.0,0.0,0.0,0.0,0.0,0.0,0.0,0.0,0.0,0.0,0.0,0.0,0.0,0.0,0.0,0.0,0.0,0.0,0.0,0.0,0.0,0.0,0.0,0.0,0.0,0.0,0.0,0.0,0.0,0.0,0.0,0.0,0.0,0.1565580618146801
dataset/test_set\flowers\665.jpg,0.016248955721961195,0.020843776106063333,0.01988304093484198,0.1172932330778073,0.020802005011662406,0.08487886382268676,0.06240601503498722,0.02155388471087912,0.1345864661597917,0.06558061820945778,0.2356307435156378,0.0,0.0,0.0,0.0,0.0,0.0,0.0,0.0,0.0,0.0,0.0,0.0,0.0,0.0,0.0,0.0,0.0,0.0,0.0,0.0,0.0,0.0,0.0,0.0,0.0,0.0,0.0,0.0,0.0,0.0,0.0,0.0,0.0,0.0,0.0,0.0,0.0,0.0,0.0,0.0,0.0,0.0,0.0,0.0,0.0,0.0,0.0,0.20029239765245227
dataset/test_set\flowers\666.jpg,0.022514619882100476,0.02230576441009583,0.023893065997331115,0.12105263157389086,0.026649958227792397,0.10977443608564016,0.060192147031738,0.023600668336524615,0.13579782789741862,0.060275689220539864,0.17781954886475274,0.0,0.0,0.0,0.0,0.0,0.0,0.0,0.0,0.0,0.0,0.0,0.0,0.0,0.0,0.0,0.0,0.0,0.0,0.0,0.0,0.0,0.0,0.0,0.0,0.0,0.0,0.0,0.0,0.0,0.0,0.0,0.0,0.0,0.0,0.0,0.0,0.0,0.0,0.0,0.0,0.0,0.0,0.0,0.0,0.0,0.0,0.0,0.2161236424304042
dataset/test_set\flowers\667.jpg,0.024561403507745973,0.025104427734958044,0.022263993315694904,0.14753550542407956,0.024812030074151545,0.0978279030869746,0.05747702589567765,0.026274018378184043,0.16098579782117853,0.06052631578694543,0.11821219715462773,0.0,0.0,0.0,0.0,0.0,0.0,0.0,0.0,0.0,0.0,0.0,0.0,0.0,0.0,0.0,0.0,0.0,0.0,0.0,0.0,0.0,0.0,0.0,0.0,0.0,0.0,0.0,0.0,0.0,0.0,0.0,0.0,0.0,0.0,0.0,0.0,0.0,0.0,0.0,0.0,0.0,0.0,0.0,0.0,0.0,0.0,0.0,0.2344193817780109
dataset/test_set\flowers\670.jpg,0.03320802004873818,0.026148705094981257,0.02852965747583418,0.1118629908056866,0.026148705094981257,0.11094402672886616,0.07426900584485092,0.02380952380852926,0.09160401002123626,0.064870509604642,0.19319131160429442,0.0,0.0,0.0,0.0,0.0,0.0,0.0,0.0,0.0,0.0,0.0,0.0,0.0,0.0,0.0,0.0,0.0,0.0,0.0,0.0,0.0,0.0,0.0,0.0,0.0,0.0,0.0,0.0,0.0,0.0,0.0,0.0,0.0,0.0,0.0,0.0,0.0,0.0,0.0,0.0,0.0,0.0,0.0,0.0,0.0,0.0,0.0,0.2154135338255884
dataset/test_set\flowers\671.jpg,0.0477443609002613,0.034126984125558604,0.03659147869521339,0.08496240601148862,0.035839598995996674,0.09745196323736625,0.06470342522703829,0.03174603174470568,0.07669172932010478,0.05935672514371943,0.21006683374226956,0.0,0.0,0.0,0.0,0.0,0.0,0.0,0.0,0.0,0.0,0.0,0.0,0.0,0.0,0.0,0.0,0.0,0.0,0.0,0.0,0.0,0.0,0.0,0.0,0.0,0.0,0.0,0.0,0.0,0.0,0.0,0.0,0.0,0.0,0.0,0.0,0.0,0.0,0.0,0.0,0.0,0.0,0.0,0.0,0.0,0.0,0.0,0.22071846281450633
dataset/test_set\flowers\672.jpg,0.040100250624891386,0.035839598995996674,0.03279030910472889,0.1111528822008708,0.03345864661514375,0.1126148705049033,0.05793650793408787,0.03404344193675675,0.1202172096858723,0.0598997493709315,0.12598162071320043,0.0,0.0,0.0,0.0,0.0,0.0,0.0,0.0,0.0,0.0,0.0,0.0,0.0,0.0,0.0,0.0,0.0,0.0,0.0,0.0,0.0,0.0,0.0,0.0,0.0,0.0,0.0,0.0,0.0,0.0,0.0,0.0,0.0,0.0,0.0,0.0,0.0,0.0,0.0,0.0,0.0,0.0,0.0,0.0,0.0,0.0,0.0,0.23596491227084523
dataset/test_set\flowers\673.jpg,0.04824561403307245,0.036131996656803174,0.036131996656803174,0.10401002505831203,0.0361737677512041,0.10664160400557053,0.059607351710125,0.03621553884560503,0.10171261486626096,0.05718462823487115,0.1407268170367282,0.0,0.0,0.0,0.0,0.0,0.0,0.0,0.0,0.0,0.0,0.0,0.0,0.0,0.0,0.0,0.0,0.0,0.0,0.0,0.0,0.0,0.0,0.0,0.0,0.0,0.0,0.0,0.0,0.0,0.0,0.0,0.0,0.0,0.0,0.0,0.0,0.0,0.0,0.0,0.0,0.0,0.0,0.0,0.0,0.0,0.0,0.0,0.2372180451028731
dataset/test_set\flowers\674.jpg,0.02351712614772276,0.029699248119060183,0.025939849622976616,0.13525480367020656,0.024812030074151545,0.12000835421386766,0.049122807015491946,0.02497911445175526,0.13755221386225763,0.05020885546991609,0.10710108604398073,0.0,0.0,0.0,0.0,0.0,0.0,0.0,0.0,0.0,0.0,0.0,0.0,0.0,0.0,0.0,0.0,0.0,0.0,0.0,0.0,0.0,0.0,0.0,0.0,0.0,0.0,0.0,0.0,0.0,0.0,0.0,0.0,0.0,0.0,0.0,0.0,0.0,0.0,0.0,0.0,0.0,0.0,0.0,0.0,0.0,0.0,0.0,0.2718045112668419
dataset/test_set\flowers\675.jpg,0.019966583123643834,0.017669172931592765,0.01645781119396584,0.12489557225877629,0.021345029238874477,0.09561403508372539,0.05350877192758944,0.01950710108523362,0.12999164577568956,0.05973266499332779,0.1773600668263425,0.0,0.0,0.0,0.0,0.0,0.0,0.0,0.0,0.0,0.0,0.0,0.0,0.0,0.0,0.0,0.0,0.0,0.0,0.0,0.0,0.0,0.0,0.0,0.0,0.0,0.0,0.0,0.0,0.0,0.0,0.0,0.0,0.0,0.0,0.0,0.0,0.0,0.0,0.0,0.0,0.0,0.0,0.0,0.0,0.0,0.0,0.0,0.26395154551946737
dataset/test_set\flowers\676.jpg,0.020885547200464264,0.023934837091732046,0.0240183792805339,0.1511278195425594,0.025396825395764544,0.1287385129436617,0.05747702589567765,0.023141186298114402,0.15760233917470332,0.05923141186051665,0.07218045112480449,0.0,0.0,0.0,0.0,0.0,0.0,0.0,0.0,0.0,0.0,0.0,0.0,0.0,0.0,0.0,0.0,0.0,0.0,0.0,0.0,0.0,0.0,0.0,0.0,0.0,0.0,0.0,0.0,0.0,0.0,0.0,0.0,0.0,0.0,0.0,0.0,0.0,0.0,0.0,0.0,0.0,0.0,0.0,0.0,0.0,0.0,0.0,0.2562656641496965
dataset/test_set\flowers\677.jpg,0.01608187134435748,0.013241436925094342,0.015371762739541698,0.09227234753165112,0.013116123641891558,0.12055137844107973,0.08554720133310162,0.016040100249956554,0.0790726817009577,0.09306599832526875,0.2309106098483329,0.0,0.0,0.0,0.0,0.0,0.0,0.0,0.0,0.0,0.0,0.0,0.0,0.0,0.0,0.0,0.0,0.0,0.0,0.0,0.0,0.0,0.0,0.0,0.0,0.0,0.0,0.0,0.0,0.0,0.0,0.0,0.0,0.0,0.0,0.0,0.0,0.0,0.0,0.0,0.0,0.0,0.0,0.0,0.0,0.0,0.0,0.0,0.22472848787699545
dataset/test_set\flowers\678.jpg,0.013074352547490628,0.008563074352190348,0.012573099414679486,0.06345029239501043,0.012990810358688772,0.058855472010908294,0.0758563074320862,0.013951545529910127,0.11219715956089402,0.08784461152515269,0.37527151209794185,0.0,0.0,0.0,0.0,0.0,0.0,0.0,0.0,0.0,0.0,0.0,0.0,0.0,0.0,0.0,0.0,0.0,0.0,0.0,0.0,0.0,0.0,0.0,0.0,0.0,0.0,0.0,0.0,0.0,0.0,0.0,0.0,0.0,0.0,0.0,0.0,0.0,0.0,0.0,0.0,0.0,0.0,0.0,0.0,0.0,0.0,0.0,0.16537176273327603
dataset/test_set\flowers\679.jpg,0.01787802840359741,0.012823725981085058,0.015998329155555626,0.057560568084479506,0.021929824560487476,0.07406015037284627,0.0645781119438355,0.019089390141224336,0.09774436089817275,0.07631578947049641,0.3679615705777794,0.0,0.0,0.0,0.0,0.0,0.0,0.0,0.0,0.0,0.0,0.0,0.0,0.0,0.0,0.0,0.0,0.0,0.0,0.0,0.0,0.0,0.0,0.0,0.0,0.0,0.0,0.0,0.0,0.0,0.0,0.0,0.0,0.0,0.0,0.0,0.0,0.0,0.0,0.0,0.0,0.0,0.0,0.0,0.0,0.0,0.0,0.0,0.17406015036866918
dataset/test_set\mountains_and_snow\800.jpg,0.10977443608564016,0.04695071010664366,0.04164578111772574,0.08287385129144219,0.0446532999145926,0.055722639930838654,0.07915622388975956,0.03959899749208024,0.08103592313780134,0.05601503759164515,0.17493734335108865,0.0,0.0,0.0,0.0,0.0,0.0,0.0,0.0,0.0,0.0,0.0,0.0,0.0,0.0,0.0,0.0,0.0,0.0,0.0,0.0,0.0,0.0,0.0,0.0,0.0,0.0,0.0,0.0,0.0,0.0,0.0,0.0,0.0,0.0,0.0,0.0,0.0,0.0,0.0,0.0,0.0,0.0,0.0,0.0,0.0,0.0,0.0,0.18763575604897093
dataset/test_set\mountains_and_snow\801.jpg,0.09306599832526875,0.04252297410014524,0.0492063492042938,0.06804511277911257,0.04874686716588359,0.06453634084943458,0.07543859648807692,0.04937343358189752,0.07067669172637106,0.059273182954917576,0.17109440266620324,0.0,0.0,0.0,0.0,0.0,0.0,0.0,0.0,0.0,0.0,0.0,0.0,0.0,0.0,0.0,0.0,0.0,0.0,0.0,0.0,0.0,0.0,0.0,0.0,0.0,0.0,0.0,0.0,0.0,0.0,0.0,0.0,0.0,0.0,0.0,0.0,0.0,0.0,0.0,0.0,0.0,0.0,0.0,0.0,0.0,0.0,0.0,0.20802005011662406
dataset/test_set\mountains_and_snow\802.jpg,0.10375939849190646,0.047535505428256665,0.0390977443592691,0.05634920634685258,0.04749373433385573,0.05735171261247486,0.05175438596275044,0.04699248120104459,0.06988304093275342,0.051420217207543015,0.20944026732625562,0.0,0.0,0.0,0.0,0.0,0.0,0.0,0.0,0.0,0.0,0.0,0.0,0.0,0.0,0.0,0.0,0.0,0.0,0.0,0.0,0.0,0.0,0.0,0.0,0.0,0.0,0.0,0.0,0.0,0.0,0.0,0.0,0.0,0.0,0.0,0.0,0.0,0.0,0.0,0.0,0.0,0.0,0.0,0.0,0.0,0.0,0.0,0.2189223057552664
dataset/test_set\mountains_and_snow\803.jpg,0.10459482037992503,0.05129490392434023,0.041228070173716456,0.04895572263788823,0.049122807015491946,0.04532163742500745,0.04791144527786502,0.05726817042367301,0.06996658312155528,0.055889724308442364,0.15939849623394325,0.0,0.0,0.0,0.0,0.0,0.0,0.0,0.0,0.0,0.0,0.0,0.0,0.0,0.0,0.0,0.0,0.0,0.0,0.0,0.0,0.0,0.0,0.0,0.0,0.0,0.0,0.0,0.0,0.0,0.0,0.0,0.0,0.0,0.0,0.0,0.0,0.0,0.0,0.0,0.0,0.0,0.0,0.0,0.0,0.0,0.0,0.0,0.26904761903638064
dataset/test_set\mountains_and_snow\804.jpg,0.07861319966254748,0.031244778611894536,0.0494987468651003,0.06269841269579371,0.03684210526161896,0.11236424393849773,0.1341269841213815,0.03208020049991311,0.04619883040742695,0.05751879699007858,0.2171679197904274,0.0,0.0,0.0,0.0,0.0,0.0,0.0,0.0,0.0,0.0,0.0,0.0,0.0,0.0,0.0,0.0,0.0,0.0,0.0,0.0,0.0,0.0,0.0,0.0,0.0,0.0,0.0,0.0,0.0,0.0,0.0,0.0,0.0,0.0,0.0,0.0,0.0,0.0,0.0,0.0,0.0,0.0,0.0,0.0,0.0,0.0,0.0,0.14164578111354864
dataset/test_set\mountains_and_snow\805.jpg,0.08588137008830905,0.03567251461839296,0.0480367585610678,0.08596491227711091,0.03433583959756325,0.07426900584485092,0.2275689222962586,0.03709273182802453,0.0494987468651003,0.03930659983127374,0.13567251461421584,0.0,0.0,0.0,0.0,0.0,0.0,0.0,0.0,0.0,0.0,0.0,0.0,0.0,0.0,0.0,0.0,0.0,0.0,0.0,0.0,0.0,0.0,0.0,0.0,0.0,0.0,0.0,0.0,0.0,0.0,0.0,0.0,0.0,0.0,0.0,0.0,0.0,0.0,0.0,0.0,0.0,0.0,0.0,0.0,0.0,0.0,0.0,0.14670008353606098
dataset/test_set\mountains_and_snow\806.jpg,0.08512949038909233,0.041520467834522956,0.04356725146016845,0.07268170425761564,0.04131161236251831,0.05935672514371943,0.06700083541908936,0.04991645780910959,0.07598162071528898,0.0518379281515523,0.15058479531534733,0.0,0.0,0.0,0.0,0.0,0.0,0.0,0.0,0.0,0.0,0.0,0.0,0.0,0.0,0.0,0.0,0.0,0.0,0.0,0.0,0.0,0.0,0.0,0.0,0.0,0.0,0.0,0.0,0.0,0.0,0.0,0.0,0.0,0.0,0.0,0.0,0.0,0.0,0.0,0.0,0.0,0.0,0.0,0.0,0.0,0.0,0.0,0.2611111111002042
dataset/test_set\mountains_and_snow\807.jpg,0.05923141186051665,0.033542188803945605,0.040685045946504385,0.06449456975503365,0.033667502087148395,0.08964076858439261,0.13253968253414622,0.0347117794471716,0.05822890559489437,0.04987468671470866,0.21616541352480512,0.0,0.0,0.0,0.0,0.0,0.0,0.0,0.0,0.0,0.0,0.0,0.0,0.0,0.0,0.0,0.0,0.0,0.0,0.0,0.0,0.0,0.0,0.0,0.0,0.0,0.0,0.0,0.0,0.0,0.0,0.0,0.0,0.0,0.0,0.0,0.0,0.0,0.0,0.0,0.0,0.0,0.0,0.0,0.0,0.0,0.0,0.0,0.18721804510496165
dataset/test_set\mountains_and_snow\808.jpg,0.05208855471795787,0.034126984125558604,0.02944862155265461,0.07451963241125649,0.03713450292242546,0.05108604845233559,0.11516290726335994,0.03220551378311589,0.06654135338067914,0.052255639095561586,0.25756056807612526,0.0,0.0,0.0,0.0,0.0,0.0,0.0,0.0,0.0,0.0,0.0,0.0,0.0,0.0,0.0,0.0,0.0,0.0,0.0,0.0,0.0,0.0,0.0,0.0,0.0,0.0,0.0,0.0,0.0,0.0,0.0,0.0,0.0,0.0,0.0,0.0,0.0,0.0,0.0,0.0,0.0,0.0,0.0,0.0,0.0,0.0,0.0,0.19786967417719842
dataset/test_set\mountains_and_snow\809.jpg,0.08078529657139577,0.03663324978961432,0.03847117794325517,0.06992481202715435,0.03717627401682639,0.06123642439176122,0.13262322472294807,0.04110275689051367,0.05839598997249808,0.04231411862814059,0.22414369255538247,0.0,0.0,0.0,0.0,0.0,0.0,0.0,0.0,0.0,0.0,0.0,0.0,0.0,0.0,0.0,0.0,0.0,0.0,0.0,0.0,0.0,0.0,0.0,0.0,0.0,0.0,0.0,0.0,0.0,0.0,0.0,0.0,0.0,0.0,0.0,0.0,0.0,0.0,0.0,0.0,0.0,0.0,0.0,0.0,0.0,0.0,0.0,0.1771929824487388
dataset/test_set\mountains_and_snow\853.jpg,0.07652464494250105,0.03304093567113446,0.03504594820237903,0.04319131161056009,0.03508771929677996,0.0808270676657967,0.09519632413971611,0.03604845446800132,0.041687552212126666,0.048287385127473374,0.2694653299803899,0.0,0.0,0.0,0.0,0.0,0.0,0.0,0.0,0.0,0.0,0.0,0.0,0.0,0.0,0.0,0.0,0.0,0.0,0.0,0.0,0.0,0.0,0.0,0.0,0.0,0.0,0.0,0.0,0.0,0.0,0.0,0.0,0.0,0.0,0.0,0.0,0.0,0.0,0.0,0.0,0.0,0.0,0.0,0.0,0.0,0.0,0.0,0.2055973266413702
dataset/test_set\mountains_and_snow\854.jpg,0.08341687551865426,0.04160401002332481,0.0471595655786483,0.07514619882727042,0.04423558897058331,0.08074352547699484,0.13659147869103627,0.04135338345691924,0.05994152046533243,0.047827903089063165,0.14548872179843406,0.0,0.0,0.0,0.0,0.0,0.0,0.0,0.0,0.0,0.0,0.0,0.0,0.0,0.0,0.0,0.0,0.0,0.0,0.0,0.0,0.0,0.0,0.0,0.0,0.0,0.0,0.0,0.0,0.0,0.0,0.0,0.0,0.0,0.0,0.0,0.0,0.0,0.0,0.0,0.0,0.0,0.0,0.0,0.0,0.0,0.0,0.0,0.19649122806196778
dataset/test_set\mountains_and_snow\855.jpg,0.09799498746457833,0.04490392648099816,0.04444444444258795,0.060735171258950074,0.05187969924595323,0.06507936507664665,0.06286549707339743,0.0486215538826808,0.07389306599524256,0.0610693400141575,0.15467836256663833,0.0,0.0,0.0,0.0,0.0,0.0,0.0,0.0,0.0,0.0,0.0,0.0,0.0,0.0,0.0,0.0,0.0,0.0,0.0,0.0,0.0,0.0,0.0,0.0,0.0,0.0,0.0,0.0,0.0,0.0,0.0,0.0,0.0,0.0,0.0,0.0,0.0,0.0,0.0,0.0,0.0,0.0,0.0,0.0,0.0,0.0,0.0,0.23383458645639787
dataset/test_set\mountains_and_snow\856.jpg,0.054720133665216365,0.03116123642309268,0.031035923139889895,0.041144527984914595,0.02974101921346111,0.08817878028036012,0.17840434418636572,0.03847117794325517,0.06353383458381229,0.039264828736872814,0.20484544694215348,0.0,0.0,0.0,0.0,0.0,0.0,0.0,0.0,0.0,0.0,0.0,0.0,0.0,0.0,0.0,0.0,0.0,0.0,0.0,0.0,0.0,0.0,0.0,0.0,0.0,0.0,0.0,0.0,0.0,0.0,0.0,0.0,0.0,0.0,0.0,0.0,0.0,0.0,0.0,0.0,0.0,0.0,0.0,0.0,0.0,0.0,0.0,0.19949874685883465
dataset/test_set\mountains_and_snow\857.jpg,0.08512949038909233,0.041562238928923884,0.03976608186968396,0.06090225563655379,0.038847117792863525,0.06578947368146243,0.17255639097023573,0.033834586464752105,0.04331662489376288,0.048287385127473374,0.18751044276576814,0.0,0.0,0.0,0.0,0.0,0.0,0.0,0.0,0.0,0.0,0.0,0.0,0.0,0.0,0.0,0.0,0.0,0.0,0.0,0.0,0.0,0.0,0.0,0.0,0.0,0.0,0.0,0.0,0.0,0.0,0.0,0.0,0.0,0.0,0.0,0.0,0.0,0.0,0.0,0.0,0.0,0.0,0.0,0.0,0.0,0.0,0.0,0.18249791143765673
dataset/test_set\mountains_and_snow\865.jpg,0.06687552213588657,0.040100250624891386,0.029406850458253683,0.05944026733252129,0.04331662489376288,0.04532163742500745,0.054553049287612655,0.038262322471250526,0.09369256474128268,0.06257309941259093,0.1950292397579353,0.0,0.0,0.0,0.0,0.0,0.0,0.0,0.0,0.0,0.0,0.0,0.0,0.0,0.0,0.0,0.0,0.0,0.0,0.0,0.0,0.0,0.0,0.0,0.0,0.0,0.0,0.0,0.0,0.0,0.0,0.0,0.0,0.0,0.0,0.0,0.0,0.0,0.0,0.0,0.0,0.0,0.0,0.0,0.0,0.0,0.0,0.0,0.27142857141723353
dataset/test_set\mountains_and_snow\866.jpg,0.07518796992167134,0.038137009188047744,0.037969924810444027,0.06445279866063272,0.038262322471250526,0.06612364243666985,0.09365079364688175,0.04243943191134338,0.06445279866063272,0.05375939849399501,0.17802840433675737,0.0,0.0,0.0,0.0,0.0,0.0,0.0,0.0,0.0,0.0,0.0,0.0,0.0,0.0,0.0,0.0,0.0,0.0,0.0,0.0,0.0,0.0,0.0,0.0,0.0,0.0,0.0,0.0,0.0,0.0,0.0,0.0,0.0,0.0,0.0,0.0,0.0,0.0,0.0,0.0,0.0,0.0,0.0,0.0,0.0,0.0,0.0,0.24753550541990244
dataset/test_set\mountains_and_snow\867.jpg,0.060442773598143575,0.0278195488710184,0.024227234752538546,0.053968253965999656,0.028153717626225826,0.03700918963922267,0.0729323308240212,0.03116123642309268,0.0746867167888602,0.05238095237876437,0.3230994151911821,0.0,0.0,0.0,0.0,0.0,0.0,0.0,0.0,0.0,0.0,0.0,0.0,0.0,0.0,0.0,0.0,0.0,0.0,0.0,0.0,0.0,0.0,0.0,0.0,0.0,0.0,0.0,0.0,0.0,0.0,0.0,0.0,0.0,0.0,0.0,0.0,0.0,0.0,0.0,0.0,0.0,0.0,0.0,0.0,0.0,0.0,0.0,0.2141186298991596
dataset/test_set\mountains_and_snow\868.jpg,0.050417710941920726,0.03341687552074282,0.027276524643806328,0.05944026733252129,0.03362573099274746,0.08500417710588955,0.06378446115021785,0.03592314118479853,0.08951545530118983,0.06683375104148565,0.21649958228001254,0.0,0.0,0.0,0.0,0.0,0.0,0.0,0.0,0.0,0.0,0.0,0.0,0.0,0.0,0.0,0.0,0.0,0.0,0.0,0.0,0.0,0.0,0.0,0.0,0.0,0.0,0.0,0.0,0.0,0.0,0.0,0.0,0.0,0.0,0.0,0.0,0.0,0.0,0.0,0.0,0.0,0.0,0.0,0.0,0.0,0.0,0.0,0.2382623224628963
dataset/test_set\mountains_and_snow\869.jpg,0.11060985797365873,0.04878863826028452,0.040100250624891386,0.060150375937337075,0.04636591478503066,0.05363408521079223,0.07756892230252427,0.044987468669800024,0.06883876357273021,0.053717627399594084,0.17121971594940602,0.0,0.0,0.0,0.0,0.0,0.0,0.0,0.0,0.0,0.0,0.0,0.0,0.0,0.0,0.0,0.0,0.0,0.0,0.0,0.0,0.0,0.0,0.0,0.0,0.0,0.0,0.0,0.0,0.0,0.0,0.0,0.0,0.0,0.0,0.0,0.0,0.0,0.0,0.0,0.0,0.0,0.0,0.0,0.0,0.0,0.0,0.0,0.22401837927217969
dataset/test_set\mountains_and_snow\877.jpg,0.07903091060655677,0.04335839598816381,0.04014202171929231,0.09624060149973933,0.039431913114476524,0.10413533834151481,0.10760233917679188,0.03834586466005239,0.053007518794778295,0.058437761066899005,0.13345864661096662,0.0,0.0,0.0,0.0,0.0,0.0,0.0,0.0,0.0,0.0,0.0,0.0,0.0,0.0,0.0,0.0,0.0,0.0,0.0,0.0,0.0,0.0,0.0,0.0,0.0,0.0,0.0,0.0,0.0,0.0,0.0,0.0,0.0,0.0,0.0,0.0,0.0,0.0,0.0,0.0,0.0,0.0,0.0,0.0,0.0,0.0,0.0,0.20680868837899713
dataset/test_set\mountains_and_snow\878.jpg,0.06637426900307543,0.0396825396808821,0.03876357560406167,0.08959899748999169,0.04214703425053688,0.07919799498416048,0.24724310775909594,0.03091060985668711,0.06616541353107078,0.04473684210339445,0.10158730158305818,0.0,0.0,0.0,0.0,0.0,0.0,0.0,0.0,0.0,0.0,0.0,0.0,0.0,0.0,0.0,0.0,0.0,0.0,0.0,0.0,0.0,0.0,0.0,0.0,0.0,0.0,0.0,0.0,0.0,0.0,0.0,0.0,0.0,0.0,0.0,0.0,0.0,0.0,0.0,0.0,0.0,0.0,0.0,0.0,0.0,0.0,0.0,0.1535923141122142
dataset/test_set\mountains_and_snow\879.jpg,0.08876357560197312,0.03901420217046724,0.04590643274662045,0.06591478696466521,0.042272347533739665,0.08074352547699484,0.11691729322819894,0.04202172096733409,0.0749791144496667,0.052840434417174585,0.1512531328257622,0.0,0.0,0.0,0.0,0.0,0.0,0.0,0.0,0.0,0.0,0.0,0.0,0.0,0.0,0.0,0.0,0.0,0.0,0.0,0.0,0.0,0.0,0.0,0.0,0.0,0.0,0.0,0.0,0.0,0.0,0.0,0.0,0.0,0.0,0.0,0.0,0.0,0.0,0.0,0.0,0.0,0.0,0.0,0.0,0.0,0.0,0.0,0.19937343357563184
dataset/test_set\mountains_and_snow\880.jpg,0.06754385964630143,0.03508771929677996,0.03391812865355396,0.066040100247868,0.038387635754453316,0.07978279030577348,0.24419381786782815,0.03550543024078925,0.0622389306573835,0.04118629907931553,0.12493734335317722,0.0,0.0,0.0,0.0,0.0,0.0,0.0,0.0,0.0,0.0,0.0,0.0,0.0,0.0,0.0,0.0,0.0,0.0,0.0,0.0,0.0,0.0,0.0,0.0,0.0,0.0,0.0,0.0,0.0,0.0,0.0,0.0,0.0,0.0,0.0,0.0,0.0,0.0,0.0,0.0,0.0,0.0,0.0,0.0,0.0,0.0,0.0,0.1711779448550051
dataset/test_set\mountains_and_snow\881.jpg,0.06666666666388192,0.03446115288076603,0.04394319130977681,0.0992898913910071,0.03061821219588061,0.08487886382268676,0.1565580618146801,0.04273182957214988,0.07522974101607227,0.040392648285697885,0.13863826231668178,0.0,0.0,0.0,0.0,0.0,0.0,0.0,0.0,0.0,0.0,0.0,0.0,0.0,0.0,0.0,0.0,0.0,0.0,0.0,0.0,0.0,0.0,0.0,0.0,0.0,0.0,0.0,0.0,0.0,0.0,0.0,0.0,0.0,0.0,0.0,0.0,0.0,0.0,0.0,0.0,0.0,0.0,0.0,0.0,0.0,0.0,0.0,0.1865914786889477
dataset/test_set\mountains_and_snow\889.jpg,0.08968253967879354,0.04273182957214988,0.04076858813530624,0.0700083542159562,0.04264828738334803,0.06934001670554135,0.16829573934134104,0.038847117792863525,0.05697577276286651,0.04624060150182788,0.14022556390391705,0.0,0.0,0.0,0.0,0.0,0.0,0.0,0.0,0.0,0.0,0.0,0.0,0.0,0.0,0.0,0.0,0.0,0.0,0.0,0.0,0.0,0.0,0.0,0.0,0.0,0.0,0.0,0.0,0.0,0.0,0.0,0.0,0.0,0.0,0.0,0.0,0.0,0.0,0.0,0.0,0.0,0.0,0.0,0.0,0.0,0.0,0.0,0.19423558896431764
dataset/test_set\mountains_and_snow\890.jpg,0.0831662489522487,0.05204678362355694,0.04177109440092853,0.047117794484247376,0.0437761069321731,0.05350877192758944,0.052548036756368086,0.053968253965999656,0.07974101921137255,0.057017543857267435,0.1606516290659711,0.0,0.0,0.0,0.0,0.0,0.0,0.0,0.0,0.0,0.0,0.0,0.0,0.0,0.0,0.0,0.0,0.0,0.0,0.0,0.0,0.0,0.0,0.0,0.0,0.0,0.0,0.0,0.0,0.0,0.0,0.0,0.0,0.0,0.0,0.0,0.0,0.0,0.0,0.0,0.0,0.0,0.0,0.0,0.0,0.0,0.0,0.0,0.274686716780506
dataset/test_set\mountains_and_snow\891.jpg,0.08203842940342362,0.04302422723295638,0.05208855471795787,0.07289055972962027,0.045238095236205596,0.0752715121104732,0.07426900584485092,0.05676691729086186,0.08596491227711091,0.05325814536118387,0.11758563073861379,0.0,0.0,0.0,0.0,0.0,0.0,0.0,0.0,0.0,0.0,0.0,0.0,0.0,0.0,0.0,0.0,0.0,0.0,0.0,0.0,0.0,0.0,0.0,0.0,0.0,0.0,0.0,0.0,0.0,0.0,0.0,0.0,0.0,0.0,0.0,0.0,0.0,0.0,0.0,0.0,0.0,0.0,0.0,0.0,0.0,0.0,0.0,0.2416040100149706
dataset/test_set\mountains_and_snow\892.jpg,0.0793650793617642,0.03751044277203382,0.03742690058323196,0.060192147031738,0.04051796156890067,0.050292397658717944,0.06883876357273021,0.04030910609689603,0.0752715121104732,0.052130325812358796,0.1938596491147093,0.0,0.0,0.0,0.0,0.0,0.0,0.0,0.0,0.0,0.0,0.0,0.0,0.0,0.0,0.0,0.0,0.0,0.0,0.0,0.0,0.0,0.0,0.0,0.0,0.0,0.0,0.0,0.0,0.0,0.0,0.0,0.0,0.0,0.0,0.0,0.0,0.0,0.0,0.0,0.0,0.0,0.0,0.0,0.0,0.0,0.0,0.0,0.2642857142746748
dataset/test_set\mountains_and_snow\893.jpg,0.09177109439883997,0.04319131161056009,0.04193817877853224,0.06211361737418072,0.04373433583777216,0.05104427735793466,0.05480367585401823,0.05238095237876437,0.08253968253623477,0.0512531328299393,0.17898913950797873,0.0,0.0,0.0,0.0,0.0,0.0,0.0,0.0,0.0,0.0,0.0,0.0,0.0,0.0,0.0,0.0,0.0,0.0,0.0,0.0,0.0,0.0,0.0,0.0,0.0,0.0,0.0,0.0,0.0,0.0,0.0,0.0,0.0,0.0,0.0,0.0,0.0,0.0,0.0,0.0,0.0,0.0,0.0,0.0,0.0,0.0,0.0,0.24624060149347365
